Match_Status;export_file_id;export_filename;export_page_number;export_template_name;export_Classification;export_Commercial;export_D&DL-OPS:;export_Demand Category;export_Demand Launch Year;export_Demand Peak Year;export_Development Approach;export_Development Site;export_Holding Time;export_Last Refresh;export_Launch Site;export_Peak Demand Range;export_Pharma Form;export_Product (name/code);export_Submission;export_Launch;export_Projects/Products Using the Drug Product;export_Release Site;export_Routine Site;export_Source;export_Storage Conditions;export_Strategic Class;export_Strategic Technology;export_Technology;export_Transport Conditions;ps_Product Code;ps_Product Name;ps_Modality Name;ps_Product Type;ps_Therapeutic Area;ps_Current Phase;ps_Project Status;ps_Expected Launch Year;ps_Lead Indication;ps_Mechanism Of Action;ps_Short Description;ps_Patient Population;ps_Dosage Form;ps_Route Of Administration;ps_Base Technology;ps_Primary Packaging;ps_Ppq Status;ps_Critical Path Item;ps_Ppq Details;ps_Biel Category;ps_Timeline Variance Days;ps_Timeline Variance Baseline;ps_Ds Volume Category;ps_Dp Volume Category;ps_Ds Suppliers;ps_Dp Suppliers;ps_Device Partners;ps_Operational Risks;ps_Timeline Risks;ps_Supply Chain Risks;ps_Regulatory Details;ps_Submission Status;ps_Launch Geography;ps_Process Template Name
NO_MATCH_export;0c283d15-4d0d-4628-a8b5-ff44e4dac60a;DrugProduct-BI.pdf;2;DrugProduct;Liquid;Make;Vermani,Kavita (HP BioP NW) BIF-US-F;Very Low;(Blank);(Blank);INTERNAL;BI Biberach;(Blank);2026-Jan-07;BI Fremont;<1 mio PCS;Sf_Injection;Adalimumab;marketed;marketed;;BI Fremont;BI Fremont;InfoHub_V2, Drug Product;2 to 8°C;NBE;Device for s.c. injection;Sterile Filling;(Blank);;;Monoclonal Antibody;;;;;;;;;;;;;;;;;;;;;;;;;;;;;;;
NO_MATCH_export;0c283d15-4d0d-4628-a8b5-ff44e4dac60a;DrugProduct-BI.pdf;3;DrugProduct;Liquid;Make;Vermani,Kavita (HP BioP NW) BIF-US-F;Low;(Blank);(Blank);INTERNAL;BI Fremont;(Blank);2026-Jan-07;BI Fremont;1-10 mio PCS;Sf_Injection-HCLF;Adalimumab;marketed;marketed;;BI Fremont;BI Fremont;InfoHub_V2, Drug Product;2 to 8°C;NBE;Device for s.c. injection;Sterile Filling;(Blank);;;Monoclonal Antibody;;;;;;;;;;;;;;;;;;;;;;;;;;;;;;;
MATCH;0c283d15-4d0d-4628-a8b5-ff44e4dac60a;DrugProduct-BI.pdf;4;DrugProduct;Solid;;May,Dr.,Sabine (HP BioP L&I) BIP-DE-I;(Blank);(Blank);(Blank);tbd;(Blank);(Blank);2026-Jan-07;tbd;(Blank);FC_Tablet;BI 1356225;2033;2034;;;tbd;InfoHub_V2, Drug Product;tbd;Solid;Film-coated tablet;tbd;(Blank);BI 1356225;;Small Molecule;NME;Mental Health (Impulsivity in Substance Use Disorder);Phase I;On Track;2034;Impulsivity/Substance Use Disorder (SuD) / Obesity;GOAT (Ghrelin O-acyltransferase) inhibitor.;"Oraler GOAT-Inhibitor zur Reduktion von Impulsivität bei Opioid-Use-Disorder; Präzisionspsychiatrie-Ansatz.";;"Film-coated tablets (2.5/10 mg); Powder for oral solution (20 mg)";Oral;"Solid oral DP (film-coated tablet; PfOS verfügbar)";;;;;;0;AD 2024;;;;;;;;;;;;
MATCH;0c283d15-4d0d-4628-a8b5-ff44e4dac60a;DrugProduct-BI.pdf;5;DrugProduct;Solid;Make (strat);Lehnen,Dr.,Dominika (HP BioP L&I) BIP-DE-I;(Blank);(Blank);(Blank);EACD;BI Kobe, JP;(Blank);2026-Jan-07;tbd;(Blank);FC_Tablet;BI 1584862;2032;2033;;;tbd;InfoHub_V2, Drug Product;tbd;Solid;Film-coated tablet;Roller Compaction;(Blank);BI 1584862;Not disclosed;Small Molecule;NME;Eye Health;Phase II;On Track;2032;Geographic Atrophy (GA);PAFR (Platelet-Activating Factor Receptor) antagonist.;An oral PAFR antagonist for Geographic Atrophy (GA).;;Film-coated tablet (10/20/50 mg);Oral;Direct Compression;"Blister; Bottle";;;;3A;0;AD 2024;;;EACD (ongoing);EACD (ongoing);;;;;;;;
MATCH;0c283d15-4d0d-4628-a8b5-ff44e4dac60a;DrugProduct-BI.pdf;6;DrugProduct;Liquid;;Ruppert,Tanja (HP BioP L&I) BIP-DE-I;Very Low;(Blank);(Blank);CDMO;(Blank);(Blank);2026-Jan-07;tbd;<1 mio PCS;Sf_Injection;BI 1703880;2032;2033;;;tbd;InfoHub_V2, Drug Product;(Blank);NCE_liquid;Vial (Standard);Sterile Filling;(Blank);BI 1703880;;Small Molecule;NME;Oncology;Phase I;On Track;2032;Non-Small Cell Lung Cancer (NSCLC);Systemic 'Second-Generation' STING agonist.;Systemic STING agonist in Phase I combination trial for a broad range of solid tumors.;;Injectable;Injectable (SFInj);Synthetisches niedermolekulares Molekül;Vial;;;;3B;0;AD 2024;Low (10 - 1,000 kg);Very Low (< 1 million PCS);C(D)MO (ongoing);C(D)MO (ongoing);;;;;;;;
MATCH;0c283d15-4d0d-4628-a8b5-ff44e4dac60a;DrugProduct-BI.pdf;7;DrugProduct;Solid;Make (strat);Friccius,Klaus (HP BioP L&I) BIP-DE-I;(Blank);(Blank);(Blank);CDMO;Almac;(Blank);2026-Jan-07;BI Ingelheim;(Blank);FC_Tablet;BI 1815368;2031;2032;;;tbd;InfoHub_V2, Drug Product;tbd;Solid;Film-coated tablet;tbd;(Blank);BI 1815368;;Small Molecule;NME;Eye Health (DME-Fokus in laufender Entwicklung);Phase II;On Track;2032;Wet AMD prevention (nAMDp);PKK (Plasma Kallikrein) inhibitor.;Oraler PKK-Inhibitor zur Behandlung des diabetischen Makulaödems (DME).;;Tablet;Oral;;"Blister; Bottle";;;;2;0;AD 2024;;;ING @Ingelheim (ongoing);;;;;;;;;
MATCH_LE;0c283d15-4d0d-4628-a8b5-ff44e4dac60a;DrugProduct-BI.pdf;7;DrugProduct;Solid;Make (strat);Friccius,Klaus (HP BioP L&I) BIP-DE-I;(Blank);(Blank);(Blank);CDMO;Almac;(Blank);2026-Jan-07;BI Ingelheim;(Blank);FC_Tablet;BI 1815368;2031;2032;;;tbd;InfoHub_V2, Drug Product;tbd;Solid;Film-coated tablet;tbd;(Blank);BI 1815368_NAMD;Not disclosed;Small Molecule;;Ophthalmology;;;2035;nAMD Prevention;Plasma Kallikrein (PKK) inhibitor - inhibits PKK to reduce vascular permeability and inflammation in retinal diseases.;Line extension of PKK inhibitor for prevention/adjunct treatment of neovascular age-related macular degeneration.;Patients at risk for or with early nAMD;Powder for Oral Solution;Oral;;;;;;;;;;;;;;;;;;;;
MATCH;0c283d15-4d0d-4628-a8b5-ff44e4dac60a;DrugProduct-BI.pdf;8;DrugProduct;Solid;Buy;Heblich,Dr.,Bettina (HP BioP L&I) BIP-DE-I;Medium;(Blank);25.0M;"INTERNAL;CDMO";Corden Pharma, Plankstadt;(Blank);2026-Jan-07;Corden Plankstadt;10-100 mio PCS;FC_Tablet;BI 1819479;2030;2031;;Corden Plankstadt;Corden Plankstadt;InfoHub_V2, Drug Product;(Blank);Solid;Solids non-standard;Fluid Bed Granulation;(Blank);BI 1819479;;Small Molecule;NME;"Respiratory; Immunology";Phase II;On Track;2031;Idiopathic/Progressive Pulmonary Fibrosis (IPF/PPF);Lysophospholipase inhibitor / Autotaxin (ATX) inhibitor.;An Autotaxin (ATX) inhibitor targeting the generation of lysophosphatidic acid (LPA) involved in fibrosis.;;Tablet;Oral;Fluid-bed-Granulation + Endmischung, Kompression, Film-Coating;"Blister; Bottle";;;;4;0;AD 2024;Low (10 - 1,000 kg);Medium (10 - 100 million PCS);;Corden (ongoing);;;;;;;;
MATCH;0c283d15-4d0d-4628-a8b5-ff44e4dac60a;DrugProduct-BI.pdf;9;DrugProduct;Liquid;Buy;Kuegler,Dr.,Markus (HP BioP L&I) BIP-DE-B;Very Low;(Blank);(Blank);CDMO;Vibalogics;(Blank);2026-Jan-07;tbd;(Blank);Sf_Injection;BI 1831169;2033;2034;;tbd;tbd;InfoHub_V2, Drug Product;(Blank);NBE_NTM;Vial (New Modalities);Sterile Filling;(Blank);BI 1831169;;Gene Therapy;NBE;Oncology;Phase I;On Track;2034;"Pancreatic Ductal Adenocarcinoma (PDAC); HNSCC; Melanoma";VSV-GP OV (Vesicular Stomatitis Virus - Glycoprotein Oncolytic Virus).;An oncolytic virus gene therapy for solid tumors like PDAC, HNSCC, and Melanoma, administered intratumorally and intravenously.;;Injectable;Intratumoral (i.t.) und Intravenös (i.v.);Viral (VSV-GP platform);Vial;;;;NCY;0;AD 2024;High (> 30 12k runs);Very Low (< 1 million PCS);Lonza (ongoing);Lonza (ongoing);;;;;;;;
MATCH;0c283d15-4d0d-4628-a8b5-ff44e4dac60a;DrugProduct-BI.pdf;10;DrugProduct;Solid;Make (strat);Friccius,Klaus (HP BioP L&I) BIP-DE-I;(Blank);(Blank);(Blank);CDMO;Almac;(Blank);2026-Jan-07;BI Ingelheim;(Blank);FC_Tablet;BI 3000202;2033;2034;;BI Ingelheim;tbd;InfoHub_V2, Drug Product;(Blank);Solid;Film-coated tablet;Fluid Bed Granulation;(Blank);BI 3000202;;Small Molecule;NME;Immunology;Phase I;On Track;2032;Systemic Sclerosis (SSc) / IFN (Interferonopathies);cGAS inhibitor.;"Oraler cGAS-Inhibitor für SSc und monogene Interferonopathien; potenziell krankheitsmodifizierend.";;Film-coated tablets (1/10/25/50 mg);Oral;;"Blister; Bottle";;;;;0;AD 2024;;;C(D)MO (ongoing);C(D)MO (ongoing);;;;;;;;
MATCH_LE;0c283d15-4d0d-4628-a8b5-ff44e4dac60a;DrugProduct-BI.pdf;10;DrugProduct;Solid;Make (strat);Friccius,Klaus (HP BioP L&I) BIP-DE-I;(Blank);(Blank);(Blank);CDMO;Almac;(Blank);2026-Jan-07;BI Ingelheim;(Blank);FC_Tablet;BI 3000202;2033;2034;;BI Ingelheim;tbd;InfoHub_V2, Drug Product;(Blank);Solid;Film-coated tablet;Fluid Bed Granulation;(Blank);BI 3000202_DF4;Not disclosed;Small Molecule;;Immunology / Autoinflammatory Diseases;;;2032;Type I Interferonopathy dF4;cGAS inhibitor - inhibits cyclic GMP-AMP synthase, reducing type I interferon signaling.;Line extension of cGAS inhibitor for type I interferonopathy dF4 indication.;Patients with type I interferonopathy dF4;Tablet;Oral;;;;;;;;;;;;;;;;;;;;
MATCH_LE;0c283d15-4d0d-4628-a8b5-ff44e4dac60a;DrugProduct-BI.pdf;10;DrugProduct;Solid;Make (strat);Friccius,Klaus (HP BioP L&I) BIP-DE-I;(Blank);(Blank);(Blank);CDMO;Almac;(Blank);2026-Jan-07;BI Ingelheim;(Blank);FC_Tablet;BI 3000202;2033;2034;;BI Ingelheim;tbd;InfoHub_V2, Drug Product;(Blank);Solid;Film-coated tablet;Fluid Bed Granulation;(Blank);BI 3000202_SSC;Not disclosed;Small Molecule;;Immunology;;;2035;Systemic Sclerosis;cGAS inhibitor - inhibits cyclic GMP-AMP synthase, reducing type I interferon signaling and fibrosis.;Line extension of cGAS inhibitor for Systemic Sclerosis.;Patients with Systemic Sclerosis;Tablet;Oral;;;;;;;;;;;;;;;;;;;;
MATCH;0c283d15-4d0d-4628-a8b5-ff44e4dac60a;DrugProduct-BI.pdf;11;DrugProduct;Solid;Buy (strat);Friccius,Klaus (HP BioP L&I) BIP-DE-I;(Blank);(Blank);(Blank);CDMO;Almac;(Blank);2026-Jan-07;Almac Charnwood;(Blank);Oral Granules-PED;BI 3000202;2031;2032;;Almac Craigavon;;InfoHub_V2, Drug Product;tbd;Solid;Oral Granules;Fluid Bed Granulation;(Blank);BI 3000202;;Small Molecule;NME;Immunology;Phase I;On Track;2032;Systemic Sclerosis (SSc) / IFN (Interferonopathies);cGAS inhibitor.;"Oraler cGAS-Inhibitor für SSc und monogene Interferonopathien; potenziell krankheitsmodifizierend.";;Film-coated tablets (1/10/25/50 mg);Oral;;"Blister; Bottle";;;;;0;AD 2024;;;C(D)MO (ongoing);C(D)MO (ongoing);;;;;;;;
MATCH_LE;0c283d15-4d0d-4628-a8b5-ff44e4dac60a;DrugProduct-BI.pdf;11;DrugProduct;Solid;Buy (strat);Friccius,Klaus (HP BioP L&I) BIP-DE-I;(Blank);(Blank);(Blank);CDMO;Almac;(Blank);2026-Jan-07;Almac Charnwood;(Blank);Oral Granules-PED;BI 3000202;2031;2032;;Almac Craigavon;;InfoHub_V2, Drug Product;tbd;Solid;Oral Granules;Fluid Bed Granulation;(Blank);BI 3000202_DF4;Not disclosed;Small Molecule;;Immunology / Autoinflammatory Diseases;;;2032;Type I Interferonopathy dF4;cGAS inhibitor - inhibits cyclic GMP-AMP synthase, reducing type I interferon signaling.;Line extension of cGAS inhibitor for type I interferonopathy dF4 indication.;Patients with type I interferonopathy dF4;Tablet;Oral;;;;;;;;;;;;;;;;;;;;
MATCH_LE;0c283d15-4d0d-4628-a8b5-ff44e4dac60a;DrugProduct-BI.pdf;11;DrugProduct;Solid;Buy (strat);Friccius,Klaus (HP BioP L&I) BIP-DE-I;(Blank);(Blank);(Blank);CDMO;Almac;(Blank);2026-Jan-07;Almac Charnwood;(Blank);Oral Granules-PED;BI 3000202;2031;2032;;Almac Craigavon;;InfoHub_V2, Drug Product;tbd;Solid;Oral Granules;Fluid Bed Granulation;(Blank);BI 3000202_SSC;Not disclosed;Small Molecule;;Immunology;;;2035;Systemic Sclerosis;cGAS inhibitor - inhibits cyclic GMP-AMP synthase, reducing type I interferon signaling and fibrosis.;Line extension of cGAS inhibitor for Systemic Sclerosis.;Patients with Systemic Sclerosis;Tablet;Oral;;;;;;;;;;;;;;;;;;;;
MATCH;0c283d15-4d0d-4628-a8b5-ff44e4dac60a;DrugProduct-BI.pdf;12;DrugProduct;Solid;;Schatter,Dr.,Beate (HP BioP L&I) BIP-DE-I;(Blank);(Blank);(Blank);tbd;(Blank);(Blank);2026-Jan-07;tbd;(Blank);FC_Tablet;BI 3009947;2036;2037;;;tbd;InfoHub_V2, Drug Product;(Blank);Solid;Technology unknown;tbd;(Blank);BI 3009947;;Small Molecule;NME;Immunology;Pre-Clinical;Discontinued;;"Systemic Sclerosis (SSc); IFN (Interferonopathies)";STING inhibitor.;STING inhibitor for systemic sclerosis and interferonopathies;;Orale Darreichungsform geplant (exakte Formulierung TBD);Oral;;;;;;;0;AD 2024;;;;;;;;;;;;
MATCH;0c283d15-4d0d-4628-a8b5-ff44e4dac60a;DrugProduct-BI.pdf;13;DrugProduct;Solid;;Schatter,Dr.,Beate (HP BioP L&I) BIP-DE-I;(Blank);(Blank);(Blank);tbd;(Blank);(Blank);2026-Jan-07;tbd;(Blank);Oral Granules-PED;BI 3009947;2036;2034;;tbd;tbd;InfoHub_V2, Drug Product;(Blank);Solid;Technology unknown;tbd;(Blank);BI 3009947;;Small Molecule;NME;Immunology;Pre-Clinical;Discontinued;;"Systemic Sclerosis (SSc); IFN (Interferonopathies)";STING inhibitor.;STING inhibitor for systemic sclerosis and interferonopathies;;Orale Darreichungsform geplant (exakte Formulierung TBD);Oral;;;;;;;0;AD 2024;;;;;;;;;;;;
MATCH;0c283d15-4d0d-4628-a8b5-ff44e4dac60a;DrugProduct-BI.pdf;14;DrugProduct;Solid;tbd;Lehnen,Dr.,Dominika (HP BioP L&I) BIP-DE-I;(Blank);(Blank);(Blank);;(Blank);(Blank);2026-Jan-07;tbd;(Blank);FC_Tablet;BI 3031185;2033;2034;;;tbd;InfoHub_V2, Drug Product;tbd;Solid;Film-coated tablet;tbd;(Blank);BI 3031185;;Small Molecule;NME;Mental Health;Pre-Clinical;On Track;2034;Impulsivity;mGluR4 NAM (Negative Allosteric Modulator).;An mGluR4 Negative Allosteric Modulator for Impulsivity.;;Orale solide Darreichungsform (geplant);Oral;;"Blister; Bottle";;;;3A;0;AD 2024;;;;;;;;;;;;
MATCH;0c283d15-4d0d-4628-a8b5-ff44e4dac60a;DrugProduct-BI.pdf;15;DrugProduct;Liquid;;Goeggel,Dr.,Svenja (HP BioP L&I) BIP-DE-B;(Blank);(Blank);(Blank);CDMO;Lonza (Basel);(Blank);2026-Jan-07;tbd;(Blank);Sf_Injection;BI 3032950;2033;2034;;;tbd;InfoHub_V2, Drug Product;2 to 8°C;NBE;Device for s.c. injection;Sterile Filling;(Blank);BI 3032950;;Monoclonal Antibody;NBE;Immunology;Phase II;On Track;2034;Crohn's Disease (CD);TREM-1 antagonist.;"TREM-1 antibody for Ulcerative Colitis (induction i.v., maintenance s.c.); IBD program, CD in evaluation.";;Intravenöse Infusion (Induktion) und subkutane Injektion (Erhaltung);IV (Induktion), SC (Erhaltung);;PFS (Pre-filled Syringe);;;;2;0;AD 2024;;;;;;;;;;;;
MATCH;0c283d15-4d0d-4628-a8b5-ff44e4dac60a;DrugProduct-BI.pdf;16;DrugProduct;Liquid;Make;Lindemann,Dr.,Eva (HP BioP L&I) BIP-DE-I;(Blank);(Blank);(Blank);INTERNAL;BI Biberach;(Blank);2026-Jan-07;tbd;(Blank);Sf_Injection;BI 3034701;2031;2032;;tbd;tbd;InfoHub_V2, Drug Product;2 to 8°C;NCE_liquid;Device for s.c. injection;Sterile Filling;(Blank);BI 3034701;Not disclosed;Peptides;NME;Cardiovascular-Renal-Metabolic (CRM);Phase I;On Track;2032;Obesity (Overweight/Obesity BMI ≥27 kg/m²);Triple agonist targeting GLP-1R, GIPR, and NPY2R - simultaneous activation of three receptors involved in appetite regulation and energy homeostasis for weight management. Long-acting peptide therapeutic.;Long-acting triple agonist peptide (GLP-1R/GIPR/NPY2R) for obesity. Phase I study evaluating safety, tolerability, and pharmacokinetics in people with overweight/obesity.;Adults with overweight or obesity (BMI ≥27 kg/m²);Long-acting injectable formulation (specific device not disclosed);Subcutaneous (presumed, typical for long-acting peptides);;;;;;;;;;;;;;;;;Obesity: 1 designation;;;
MATCH;0c283d15-4d0d-4628-a8b5-ff44e4dac60a;DrugProduct-BI.pdf;17;DrugProduct;Liquid;;Goeggel,Dr.,Svenja (HP BioP L&I) BIP-DE-B;(Blank);(Blank);(Blank);CDMO;"Oxford Biomedica; Novalabs";(Blank);Last Refresh:;tbd;(Blank);Sf_Inhalation;Bl 3720931;2032;2033;;;tbd;Drug Product Information;-70°C;NBE_NTM;Inhaler;Sterile Filling;-80°C;BI 3720931;;Gene Therapy;NBE;Cystic Fibrosis (Respiratory);Phase I/II (Lenticlair-01 FIH started Nov 2024);Active;2032;Cystic Fibrosis (CF);Third-generation, self-inactivating lentiviral vector therapy for inhaled CFTR gene delivery.;Inhaled lentiviral gene therapy for cystic fibrosis.;;Nebulizer solution for inhalation;Inhalation (nebulized);Third-generation self-inactivating lentiviral vector;;;;;NCY;0;AD 2024;;;;;;;;;;;;
MATCH;0c283d15-4d0d-4628-a8b5-ff44e4dac60a;DrugProduct-BI.pdf;18;DrugProduct;Solid;;Friccius,Klaus (HP BioP L&I) BIP-DE-I;(Blank);(Blank);(Blank);tbd;(Blank);(Blank);2026-Jan-07;tbd;(Blank);FC_Tablet;BI 3776528;2035;2036;;;tbd;InfoHub_V2, Drug Product;tbd;Solid;Film-coated tablet;tbd;(Blank);BI 3776528;;Small Molecule;NME;Mental Health – Cognitive impairment in PSD/Schizophrenia;Phase I (laufend);On Track;;Cognitive Impairment Post-Stroke Depression (CI PSD);SSTR4 agonist.;Oraler SSTR4-Agonist zur Behandlung kognitiver Beeinträchtigung in PSD/SCZ-Spektrum.;;"Capsules (1-40 mg; mit Placebo-Match)";Oral;Orale Kapseln;;;;;;0;AD 2024;;;;;;;;;;;;
NO_MATCH_export;0c283d15-4d0d-4628-a8b5-ff44e4dac60a;DrugProduct-BI.pdf;19;DrugProduct;Solid;tbd;Barino,Frank (HP BioP L&I) BIP-DE-I;(Blank);(Blank);(Blank);tbd;(Blank);(Blank);2026-Jan-07;tbd;(Blank);tbd;BI 3782253;2035;2036;;tbd;tbd;InfoHub_V2, Drug Product;tbd;Solid;Technology unknown;tbd;(Blank);;;UNKNOWN;;;;;;;;;;;;;;;;;;;;;;;;;;;;;;;
MATCH;0c283d15-4d0d-4628-a8b5-ff44e4dac60a;DrugProduct-BI.pdf;20;DrugProduct;Solid;;Friccius,Klaus (HP BioP L&I) BIP-DE-I;(Blank);(Blank);(Blank);tbd;(Blank);(Blank);2026-Jan-07;tbd;(Blank);FC_Tablet;BI 3794407;Unknown;Unknown;;;tbd;InfoHub_V2, Drug Product;tbd;Solid;Technology unknown;tbd;(Blank);BI 3794407;;Small Molecule;NME;Inflammation & Respiratory (I&R);Pre-Clinical;Discontinued;;Systemic Sclerosis (SSc);cGAS inhibitor.;Oraler cGAS-Inhibitor für SSc und Typ-I-Interferonopathien (FU zum FR).;;oral (Tablette/Kapsel, geplant);oral;makrozyklisches NCE (QD-Profil);;;;;;0;AD 2024;;;;;;;;;;;;
NO_MATCH_export;0c283d15-4d0d-4628-a8b5-ff44e4dac60a;DrugProduct-BI.pdf;21;DrugProduct;Solid;tbd;Hartig-Heimel,Dr.,Mareke (HP BioP L&I) BIP-DE-I;(Blank);(Blank);(Blank);tbd;(Blank);(Blank);2026-Jan-07;tbd;(Blank);tbd;BI 3797363;Unknown;Unknown;;tbd;tbd;InfoHub_V2, Drug Product;tbd;Solid;Technology unknown;tbd;(Blank);;;UNKNOWN;;;;;;;;;;;;;;;;;;;;;;;;;;;;;;;
MATCH;0c283d15-4d0d-4628-a8b5-ff44e4dac60a;DrugProduct-BI.pdf;22;DrugProduct;Liquid;;;(Blank);(Blank);(Blank);;(Blank);(Blank);2026-Jan-07;tbd;(Blank);Sf_Injection;BI 3798489;2034;2035;;;tbd;InfoHub_V2, Drug Product;(Blank);NCE_liquid;Technology unknown;Sterile Filling;(Blank);BI 3798489;BI 3798489;Peptides;NME;Cardiovascular-Renal-Metabolic (CRM);Preclinical;;2035;Obesity;NMUR2 agonist for obesity, targeting satiety circuits to reduce food intake and body weight.;NMUR2 agonist peptide for obesity.;"Patients with obesity; monthly dosing anticipated";Injectable (subcutaneous);SC injection;;;;;;;0;AD 2024;;;;;;HIGH: 1;;;;;;
MATCH;0c283d15-4d0d-4628-a8b5-ff44e4dac60a;DrugProduct-BI.pdf;23;DrugProduct;Liquid;;Luenser-Diez,Dr.,Katja (HP BioP L&I) BIP-DE-B;(Blank);(Blank);(Blank);INTERNAL;BI Biberach;(Blank);2026-Jan-07;tbd;(Blank);Sf_Injection;BI 3802876;2036;2037;;;tbd;InfoHub_V2, Drug Product;2 to 8°C;NBE;Technology unknown;Sterile Filling;(Blank);BI 3802876;;Recombinant Proteins;NBE;Cardiovascular-Renal-Metabolic (CRM);Phase I (laufend);On Track;;MASH;FAP-verankerter TRAILR2-Agonist (HSC-Ziel).;A FAP-TRAILR2 agonist for MASH.;;Injectable (IV);IV;Mammalian;;;;;3A;0;AD 2024;;;;;;;;;;;;
MATCH;0c283d15-4d0d-4628-a8b5-ff44e4dac60a;DrugProduct-BI.pdf;24;DrugProduct;Liquid;;Goeggel,Dr.,Svenja (HP BioP L&I) BIP-DE-B;(Blank);(Blank);(Blank);INTERNAL;Biberach;(Blank);2026-Jan-07;tbd;(Blank);Sf_Injection;BI 3804379;2036;2037;;;tbd;InfoHub_V2, Drug Product;2 to 8°C;NBE;Technology unknown;Sterile Filling;(Blank);BI 3804379;;Recombinant Proteins;NBE;Cardiovascular-Renal-Metabolic (CRM);Phase I (laufend);On Track;;MASH;Anti-IL11;An injectable recombinant protein for MASH.;;Injectable;SC und IV;Mammalian;;;;;NCY;0;AD 2024;;;;;;;;;;;;
MATCH;0c283d15-4d0d-4628-a8b5-ff44e4dac60a;DrugProduct-BI.pdf;25;DrugProduct;Liquid;;Becker,Dr.,Eric (HP BioP L&I) BIP-DE-B;(Blank);(Blank);(Blank);tbd;(Blank);(Blank);2026-Jan-07;tbd;(Blank);Sf_Injection;BI 3810477;2033;2034;;;tbd;InfoHub_V2, Drug Product;2 to 8°C;NBE;Vial (Standard);tbd;(Blank);BI 3810477;;Monoclonal Antibody;NBE;Inflammation & Respiratory;Phase I;Active;2034;IPF/PPF;Binds a unique CTGF epitope, preventing cell surface binding and MMP7-mediated CTGF cleavage.;Humanized IgG1 mAb against CTGF for IPF/PPF.;;Injektionslösung;i.v. und s.c.;Humanisierter IgG1 mit LALA-Fc-Mutation;;;;;;0;AD 2024;;;;;;;;;;;;
MATCH;0c283d15-4d0d-4628-a8b5-ff44e4dac60a;DrugProduct-BI.pdf;26;DrugProduct;Liquid;;Luenser-Diez,Dr.,Katja (HP BioP L&I) BIP-DE-B;(Blank);(Blank);(Blank);;(Blank);(Blank);2026-Jan-07;tbd;(Blank);Sf_Injection;BI 3810944;2033;2033;;;tbd;InfoHub_V2, Drug Product;(Blank);NBE;Vial (Standard);Sterile Filling;(Blank);BI 3810944;;Recombinant Proteins;NBE;Oncology;Phase I;On Track;2032;Melanoma;Kollagenbindende, MMP9-aktivierte IL-12-Prodrug (ODC).;"Systemische ODC-IL12-Prodrug; sentinel indication Melanoma.";;Injectable;;;Vial;;;;;0;AD 2024;;;;;;;;;;;;
MATCH;0c283d15-4d0d-4628-a8b5-ff44e4dac60a;DrugProduct-BI.pdf;27;DrugProduct;Liquid;tbd;Trischler,Dr.,Martin (HP BioP L&I) BIP-DE-B;(Blank);(Blank);(Blank);;(Blank);(Blank);2026-Jan-07;tbd;(Blank);Sf_Injection;BI 3812465;2031;2032;;tbd;tbd;InfoHub_V2, Drug Product;tbd;NBE;IVT;Sterile Filling;(Blank);BI 3812465;;Recombinant Proteins;NBE;Ophthalmology (CI-DME);Phase I;;2032;CI-DME;Bispecific FZD4/LRP5-Modulator (Wnt-/Norrin-Mimetikum) to mimic Norrin and activate Wnt/β-catenin signaling, restoring BRB integrity.;Bispecific Wnt-pathway FZD4/LRP5-Modulator for CI-DME to restore BRB integrity.;Patients with chronic diabetic macular edema (CI-DME);Lösung zur intravitrealen Injektion, 100 mg/mL (Single-dose Vial) + Solvent-Vial;Intravitreal;CHO-exprimiertes rekombinantes bispezifisches Protein (Wnt-Mimetikum);;;;;;0;AD 2024;;;;;;HIGH: 1;;;;;;
MATCH;0c283d15-4d0d-4628-a8b5-ff44e4dac60a;DrugProduct-BI.pdf;28;DrugProduct;Liquid;Make;Malcher,Desiree (HP BioP L&I) BIP-DE-B;(Blank);(Blank);(Blank);INTERNAL;BI Biberach;(Blank);2026-Jan-07;tbd;(Blank);Sf_Injection;BI 3814916;2033;2034;;tbd;tbd;InfoHub_V2, Drug Product;tbd;NBE;Device for s.c. injection;Sterile Filling;(Blank);BI 3814916;Not yet assigned;Monoclonal Antibody;NBE;Hepatologie (ACLF);Phase I;;2034;MASH;Anti-TLR4 monoclonal antibody.;Anti-TLR4 monoclonal antibody for Acute-on-Chronic Liver Failure (ACLF).;;Lösung zur Injektion/Infusion, 150 mg/mL (Vial);parenteral (i.v. oder s.c.);;;;;;;0;AD 2024;;;;;;HIGH: 3;;;;;;
MATCH;0c283d15-4d0d-4628-a8b5-ff44e4dac60a;DrugProduct-BI.pdf;29;DrugProduct;Liquid;tbd;Trischler,Dr.,Martin (HP BioP L&I) BIP-DE-B;(Blank);(Blank);(Blank);tbd;(Blank);(Blank);2026-Jan-07;tbd;(Blank);Sf_Infusion;BI 3819026;2035;2035;;tbd;tbd;InfoHub_V2, Drug Product;tbd;NBE;Technology unknown;tbd;(Blank);BI 3819026;Anti-LAYN antibody;Monoclonal Antibody;NBE;Oncology;Phase I (FIH);;2035;Solid Tumors;Humanized IgG1 anti-LAYN antibody targeting LAYN isoforms 1 and 2 to deplete tumor-resident Tregs and enhance anti-tumor immunity, with demonstrated CD16a binding. Afucosylation is not definitively documented.;IgG1 antibody targeting LAYN to deplete tumor Tregs in solid tumors, with demonstrated CD16a binding for enhanced ADCC.;Solid tumors with high Treg infiltration.;Konzentrat zur Herstellung einer Infusionslösung, 150 mg/mL (2 mL-Vial);intravenöse Infusion;Afucosylated IgG1 (enhanced ADCC);;;;;3A;0;AD 2024;;;;;;MED: 1;;;;;;
MATCH;0c283d15-4d0d-4628-a8b5-ff44e4dac60a;DrugProduct-BI.pdf;30;DrugProduct;Liquid;tbd;Kuegler,Dr.,Markus (HP BioP L&I) BIP-DE-B;(Blank);(Blank);(Blank);tbd;(Blank);(Blank);2026-Jan-07;tbd;(Blank);Sf_Injection;BI 3820768;2031;2032;;tbd;tbd;InfoHub_V2, Drug Product;tbd;NBE;Technology unknown;tbd;(Blank);BI 3820768;;T-cell Engager;NBE;Oncology (Solid Tumors);Preclinical;;2031;3L Endometrial Cancer (ALPG+);Bispecific antibody in 2+1 format engaging ALPG on tumor cells and CD3 on T‑cells to induce targeted cytotoxicity and immune activation.;Bispecific TcE targeting ALPG and CD3 for solid tumors;Adults with ALPG+ tumors (initial focus on endometrial cancer);"Injectable (IV infusion); Formulierung nicht offengelegt";Intravenous (to be confirmed);Bispecific IgG‑like antibody (2+1, Fc knob‑into‑hole);Vial (reconstitution required);;;;;0;AD 2024;Low volume;Low volume;;;;HIGH: 1;;;;"No active submissions; FiH preparation ongoing";US;
NO_MATCH_export;0c283d15-4d0d-4628-a8b5-ff44e4dac60a;DrugProduct-BI.pdf;31;DrugProduct;Liquid;tbd;Lindemann,Dr.,Eva (HP BioP L&I) BIP-DE-I;(Blank);(Blank);(Blank);;(Blank);(Blank);2026-Jan-07;tbd;(Blank);Sf_Injection;BI 3828540;2034;2035;;tbd;tbd;InfoHub_V2, Drug Product;(Blank);NBE;Technology unknown;Sterile Filling;(Blank);;;UNKNOWN;;;;;;;;;;;;;;;;;;;;;;;;;;;;;;;
MATCH;0c283d15-4d0d-4628-a8b5-ff44e4dac60a;DrugProduct-BI.pdf;32;DrugProduct;Liquid;;Kuegler,Dr.,Markus (HP BioP L&I) BIP-DE-B;(Blank);(Blank);(Blank);;(Blank);(Blank);2026-Jan-07;tbd;(Blank);Sf_Injection;"BI 3907074; BI 3907075; BI 3720590";2034;2034;;;tbd;InfoHub_V2, Drug Product;;NBE_NTM;Vial (New Modalities);Sterile Filling;(Blank);BI 3907074 / BI 3907075 / BI 3720590;;Gene Therapy;NBE;Oncology;Pre-Clinical;On Track;2034;Pancreatic Ductal Adenocarcinoma (PDAC);Kombination aus KISIMA-Impfkonstrukten (ATP150/152) und VSV-GP onkolytischem Vektor (154).;A complex gene therapy combining multiple proteins (KISIMA) and an oncolytic virus for Pancreatic Ductal Adenocarcinoma (PDAC).;;Injectable;;Viral (VSV-GP) + Impfplattform (KISIMA®);Vial;;;;NCY;0;AD 2024;;;;;;;;;;;;
NO_MATCH_export;0c283d15-4d0d-4628-a8b5-ff44e4dac60a;DrugProduct-BI.pdf;32;DrugProduct;Liquid;;Kuegler,Dr.,Markus (HP BioP L&I) BIP-DE-B;(Blank);(Blank);(Blank);;(Blank);(Blank);2026-Jan-07;tbd;(Blank);Sf_Injection;"BI 3907074; BI 3907075; BI 3720590";2034;2034;;;tbd;InfoHub_V2, Drug Product;;NBE_NTM;Vial (New Modalities);Sterile Filling;(Blank);;;UNKNOWN;;;;;;;;;;;;;;;;;;;;;;;;;;;;;;;
NO_MATCH_export;0c283d15-4d0d-4628-a8b5-ff44e4dac60a;DrugProduct-BI.pdf;32;DrugProduct;Liquid;;Kuegler,Dr.,Markus (HP BioP L&I) BIP-DE-B;(Blank);(Blank);(Blank);;(Blank);(Blank);2026-Jan-07;tbd;(Blank);Sf_Injection;"BI 3907074; BI 3907075; BI 3720590";2034;2034;;;tbd;InfoHub_V2, Drug Product;;NBE_NTM;Vial (New Modalities);Sterile Filling;(Blank);;;UNKNOWN;;;;;;;;;;;;;;;;;;;;;;;;;;;;;;;
MATCH;0c283d15-4d0d-4628-a8b5-ff44e4dac60a;DrugProduct-BI.pdf;33;DrugProduct;Liquid;Buy;Kuegler,Dr.,Markus (HP BioP L&I) BIP-DE-B;(Blank);(Blank);(Blank);CDMO;(Blank);(Blank);2026-Jan-07;tbd;(Blank);Sf_Injection;BI 3923948;2033;2034;;tbd;tbd;InfoHub_V2, Drug Product;(Blank);NBE_NTM;Vial (New Modalities);Sterile Filling;(Blank);BI 3923948;Not disclosed;Gene Therapy;NME;Oncology;Pre-Clinical (IMPD submitted September 2025);On Track;2034;Triple-Negative Breast Cancer (TNBC);VSV-GP oncolytic virus with GSDME-IL12 payload - combines productive tumor cell infection and oncolysis (VSV-GP platform) with GSDME-mediated immunogenic cell death and IL-12-driven CD8+ T-cell activation to 'heat up' the tumor microenvironment.;Oncolytic virus platform for triple-negative breast cancer. VSV-GP vector carrying GSDME and IL-12 transgenes for combined oncolysis and immune activation.;Patients with triple-negative breast cancer;Solution for injection/infusion;To be determined (likely intratumoral or intravenous);;;;;;;;;;;;;;MED: 2;;;;;;
NO_MATCH_export;0c283d15-4d0d-4628-a8b5-ff44e4dac60a;DrugProduct-BI.pdf;34;DrugProduct;Liquid;tbd;Lindemann,Dr.,Eva (HP BioP L&I) BIP-DE-I;(Blank);(Blank);(Blank);tbd;(Blank);(Blank);2026-Jan-07;tbd;(Blank);Sf_Injection;BI 3935509;2036;2037;;tbd;tbd;InfoHub_V2, Drug Product;tbd;NCE_liquid;tbd;tbd;(Blank);;;Peptides;;;;;;;;;;;;;;;;;;;;;;;;;;;;;;;
MATCH;0c283d15-4d0d-4628-a8b5-ff44e4dac60a;DrugProduct-BI.pdf;35;DrugProduct;Solid;tbd;Thomas,Dr.,Johannes (HP BioP L&I) BIP-DE-I;(Blank);(Blank);(Blank);INTERNAL;EACD;(Blank);2026-Jan-07;tbd;(Blank);tbd;BI 3940749;2031;2031;;tbd;tbd;InfoHub_V2, Drug Product;tbd;Solid;Technology unknown;tbd;(Blank);BI 3940749;Not disclosed;Small Molecule;NME;Oncology;Pre-Clinical (FIH Q2/2026);On Track;2031;Solid tumors with KRAS drivers (CRC, NSCLC, PDAC);KRAS multi-degrader (PROTAC) - uses CRBN-mediated ubiquitination to induce proteasomal degradation of KRAS proteins. Pan-KRAS approach targeting multiple KRAS mutations through targeted protein degradation via E3 ligase CRBN.;Pan-KRAS PROTAC degrader for solid tumors with KRAS drivers (PDAC, NSCLC, CRC). Oral small molecule using CRBN E3 ligase for protein degradation.;Patients with KRAS-driven solid tumors including pancreatic cancer, non-small cell lung cancer, and colorectal cancer;Tablet (oral formulation using spray-dried dispersion or CAPS technology);Oral;Spray Dried Dispersion (SDD) or CAPS (pH-dependent solubility);;;;;;;;;;ING (development);;;HIGH: 1;;;;;;
NO_MATCH_export;0c283d15-4d0d-4628-a8b5-ff44e4dac60a;DrugProduct-BI.pdf;36;DrugProduct;Solid;tbd;Raabe,Dr.,Angela (HP BioP L&I) BIP-DE-I;(Blank);(Blank);(Blank);tbd;(Blank);(Blank);2026-Jan-07;tbd;(Blank);FC_Tablet;BI 3955569;2034;2035;;tbd;tbd;InfoHub_V2, Drug Product;(Blank);Solid;Film-coated tablet;tbd;(Blank);;;Small Molecule;;;;;;;;;;;;;;;;;;;;;;;;;;;;;;;
MATCH;0c283d15-4d0d-4628-a8b5-ff44e4dac60a;DrugProduct-BI.pdf;37;DrugProduct;Solid;tbd;Thomas,Steffi (HP BioP L&I) BIP-DE-I;(Blank);(Blank);(Blank);tbd;(Blank);(Blank);2026-Jan-07;tbd;(Blank);FC_Tablet;BI 3968621;2034;2035;;tbd;tbd;InfoHub_V2, Drug Product;tbd;Solid;Technology unknown;tbd;(Blank);BI 3968621;Not disclosed;Small Molecule;NME;Oncology;Preclinical;;2035;RCC;"PROTAC targeting HPK1 for proteasomal degradation via CRBN E3 ligase recruitment; enhances T/B/DC activation to boost anti-tumor immunity.";"Oral PROTAC degrading HPK1 to boost immune activation for RCC; preclinical development.";;Oral tablet;Oral;Targeted protein degrader (CRBN‑recruiting PROTAC);;;;;;0;AD 2024;;;;;;HIGH: 2;;;;;;
NO_MATCH_export;0c283d15-4d0d-4628-a8b5-ff44e4dac60a;DrugProduct-BI.pdf;38;DrugProduct;Digital;;;;(Blank);(Blank);;(Blank);(Blank);2026-Jan-07;;;;BI 39720080 (CT-155);2025;2026;;;;InfoHub_V2, Drug Product;(Blank);Digital;Digital;;(Blank);;;Prescription Digital Therapeutic (SaMD/PDT);;;;;;;;;;;;;;;;;;;;;;;;;;;;;;;
NO_MATCH_export;0c283d15-4d0d-4628-a8b5-ff44e4dac60a;DrugProduct-BI.pdf;39;DrugProduct;Liquid;tbd;;(Blank);(Blank);(Blank);tbd;(Blank);(Blank);2026-Jan-07;tbd;(Blank);Sf_IVT_Injection;BI 3986283;Unknown;Unknown;;tbd;tbd;InfoHub_V2, Drug Product;tbd;NCE_liquid;IVT;Sterile Filling;(Blank);;;Peptides;;;;;;;;;;;;;;;;;;;;;;;;;;;;;;;
NO_MATCH_export;0c283d15-4d0d-4628-a8b5-ff44e4dac60a;DrugProduct-BI.pdf;40;DrugProduct;Liquid;tbd;;(Blank);(Blank);(Blank);tbd;(Blank);tbd;2026-Jan-07;tbd;(Blank);Sf_IVT_Injection;BI 4009032;2031;2032;;tbd;tbd;InfoHub_V2, Drug Product;tbd;NBE_NTM;ADC;Sterile Filling;(Blank);;;ADC;;;;;;;;;;;;;;;;;;;;;;;;;;;;;;;
NO_MATCH_export;0c283d15-4d0d-4628-a8b5-ff44e4dac60a;DrugProduct-BI.pdf;41;DrugProduct;Solid;tbd;;(Blank);(Blank);(Blank);tbd;(Blank);(Blank);2026-Jan-07;tbd;(Blank);FC_Tablet;BI 4015092;2031;2032;;tbd;tbd;InfoHub_V2, Drug Product;(Blank);Solid;Film-coated tablet;tbd;(Blank);;;Small Molecule;;;;;;;;;;;;;;;;;;;;;;;;;;;;;;;
MATCH;0c283d15-4d0d-4628-a8b5-ff44e4dac60a;DrugProduct-BI.pdf;42;DrugProduct;Solid;Make;Ruppert,Tanja (HP BioP L&I) BIP-DE-I;Medium;100K;19.0M;CDMO;Almac;(Blank);2026-Jan-07;BI Ingelheim;10-100 mio PCS;FC_Tablet;BI 764198;2030;2031;;BI Ingelheim;tbd;InfoHub_V2, Drug Product;Room Temp.;Solid;Film-coated tablet;Roller Compaction;(Blank);BI 764198;Not disclosed;Small Molecule;NME;Nephrology / Renal;Phase II;On Track;2031;Focal Segmental Glomerulosclerosis (FSGS);TRPC6 inhibitor - inhibits the Transient Receptor Potential Cation Channel Subfamily C Member 6.;TRPC6 inhibitor for renal diseases, primarily targeting FSGS (Focal Segmental Glomerulosclerosis).;Patients with FSGS and other proteinuric kidney diseases;Tablet;Oral;;;;;;;;;;;;;;;;;;;;
MATCH_LE;0c283d15-4d0d-4628-a8b5-ff44e4dac60a;DrugProduct-BI.pdf;42;DrugProduct;Solid;Make;Ruppert,Tanja (HP BioP L&I) BIP-DE-I;Medium;100K;19.0M;CDMO;Almac;(Blank);2026-Jan-07;BI Ingelheim;10-100 mio PCS;FC_Tablet;BI 764198;2030;2031;;BI Ingelheim;tbd;InfoHub_V2, Drug Product;Room Temp.;Solid;Film-coated tablet;Roller Compaction;(Blank);BI 764198_DMD;Not disclosed;Small Molecule;;Neuromuscular Disorders;;;2032;Duchenne Muscular Dystrophy;TRPC6 inhibitor - inhibits the Transient Receptor Potential Cation Channel Subfamily C Member 6.;Line extension of TRPC6 inhibitor for Duchenne Muscular Dystrophy.;Patients with Duchenne Muscular Dystrophy;Tablet;Oral;;;;;;;;;;;;;;;;;;;;
MATCH_LE;0c283d15-4d0d-4628-a8b5-ff44e4dac60a;DrugProduct-BI.pdf;42;DrugProduct;Solid;Make;Ruppert,Tanja (HP BioP L&I) BIP-DE-I;Medium;100K;19.0M;CDMO;Almac;(Blank);2026-Jan-07;BI Ingelheim;10-100 mio PCS;FC_Tablet;BI 764198;2030;2031;;BI Ingelheim;tbd;InfoHub_V2, Drug Product;Room Temp.;Solid;Film-coated tablet;Roller Compaction;(Blank);BI 764198_PODO;Not disclosed;Small Molecule;;Nephrology / Renal;;;2034;Podocytopathies;TRPC6 inhibitor - inhibits the Transient Receptor Potential Cation Channel Subfamily C Member 6.;Line extension of TRPC6 inhibitor for podocyte-related kidney diseases.;Patients with podocytopathies;Tablet;Oral;;;;;;;;;;;;;;;;;;;;
MATCH_LE;0c283d15-4d0d-4628-a8b5-ff44e4dac60a;DrugProduct-BI.pdf;42;DrugProduct;Solid;Make;Ruppert,Tanja (HP BioP L&I) BIP-DE-I;Medium;100K;19.0M;CDMO;Almac;(Blank);2026-Jan-07;BI Ingelheim;10-100 mio PCS;FC_Tablet;BI 764198;2030;2031;;BI Ingelheim;tbd;InfoHub_V2, Drug Product;Room Temp.;Solid;Film-coated tablet;Roller Compaction;(Blank);BI 764198_PED;Not disclosed;Small Molecule;;Nephrology / Renal;Pre-Clinical;;2035;FSGS Pediatric;TRPC6 inhibitor - inhibits the Transient Receptor Potential Cation Channel Subfamily C Member 6.;Pediatric line extension of TRPC6 inhibitor for FSGS in pediatric populations.;Pediatric patients with FSGS;Pediatric formulation;Oral;;;;;;;;;;;;;;;;;;;;
MATCH;0c283d15-4d0d-4628-a8b5-ff44e4dac60a;DrugProduct-BI.pdf;43;DrugProduct;Solid;Buy;Ruppert,Tanja (HP BioP L&I) BIP-DE-I;(Blank);(Blank);(Blank);CDMO;Almac;(Blank);2026-Jan-07;tbd;(Blank);Oral Granules-PED;BI 764198;2032;2033;;;tbd;InfoHub_V2, Drug Product;Room Temp.;Solid;Oral Granules;tbd;(Blank);BI 764198;Not disclosed;Small Molecule;NME;Nephrology / Renal;Phase II;On Track;2031;Focal Segmental Glomerulosclerosis (FSGS);TRPC6 inhibitor - inhibits the Transient Receptor Potential Cation Channel Subfamily C Member 6.;TRPC6 inhibitor for renal diseases, primarily targeting FSGS (Focal Segmental Glomerulosclerosis).;Patients with FSGS and other proteinuric kidney diseases;Tablet;Oral;;;;;;;;;;;;;;;;;;;;
MATCH_LE;0c283d15-4d0d-4628-a8b5-ff44e4dac60a;DrugProduct-BI.pdf;43;DrugProduct;Solid;Buy;Ruppert,Tanja (HP BioP L&I) BIP-DE-I;(Blank);(Blank);(Blank);CDMO;Almac;(Blank);2026-Jan-07;tbd;(Blank);Oral Granules-PED;BI 764198;2032;2033;;;tbd;InfoHub_V2, Drug Product;Room Temp.;Solid;Oral Granules;tbd;(Blank);BI 764198_DMD;Not disclosed;Small Molecule;;Neuromuscular Disorders;;;2032;Duchenne Muscular Dystrophy;TRPC6 inhibitor - inhibits the Transient Receptor Potential Cation Channel Subfamily C Member 6.;Line extension of TRPC6 inhibitor for Duchenne Muscular Dystrophy.;Patients with Duchenne Muscular Dystrophy;Tablet;Oral;;;;;;;;;;;;;;;;;;;;
MATCH_LE;0c283d15-4d0d-4628-a8b5-ff44e4dac60a;DrugProduct-BI.pdf;43;DrugProduct;Solid;Buy;Ruppert,Tanja (HP BioP L&I) BIP-DE-I;(Blank);(Blank);(Blank);CDMO;Almac;(Blank);2026-Jan-07;tbd;(Blank);Oral Granules-PED;BI 764198;2032;2033;;;tbd;InfoHub_V2, Drug Product;Room Temp.;Solid;Oral Granules;tbd;(Blank);BI 764198_PODO;Not disclosed;Small Molecule;;Nephrology / Renal;;;2034;Podocytopathies;TRPC6 inhibitor - inhibits the Transient Receptor Potential Cation Channel Subfamily C Member 6.;Line extension of TRPC6 inhibitor for podocyte-related kidney diseases.;Patients with podocytopathies;Tablet;Oral;;;;;;;;;;;;;;;;;;;;
MATCH_LE;0c283d15-4d0d-4628-a8b5-ff44e4dac60a;DrugProduct-BI.pdf;43;DrugProduct;Solid;Buy;Ruppert,Tanja (HP BioP L&I) BIP-DE-I;(Blank);(Blank);(Blank);CDMO;Almac;(Blank);2026-Jan-07;tbd;(Blank);Oral Granules-PED;BI 764198;2032;2033;;;tbd;InfoHub_V2, Drug Product;Room Temp.;Solid;Oral Granules;tbd;(Blank);BI 764198_PED;Not disclosed;Small Molecule;;Nephrology / Renal;Pre-Clinical;;2035;FSGS Pediatric;TRPC6 inhibitor - inhibits the Transient Receptor Potential Cation Channel Subfamily C Member 6.;Pediatric line extension of TRPC6 inhibitor for FSGS in pediatric populations.;Pediatric patients with FSGS;Pediatric formulation;Oral;;;;;;;;;;;;;;;;;;;;
MATCH;0c283d15-4d0d-4628-a8b5-ff44e4dac60a;DrugProduct-BI.pdf;44;DrugProduct;Liquid;tbd;Ruppert,Tanja (HP BioP L&I) BIP-DE-I;(Blank);(Blank);(Blank);CDMO;CDMO;(Blank);2026-Jan-07;tbd;(Blank);Sf_Injection;BI 764198;2032;2033;;;tbd;InfoHub_V2, Drug Product;(Blank);NCE_liquid;Vial (Standard);tbd;(Blank);BI 764198;Not disclosed;Small Molecule;NME;Nephrology / Renal;Phase II;On Track;2031;Focal Segmental Glomerulosclerosis (FSGS);TRPC6 inhibitor - inhibits the Transient Receptor Potential Cation Channel Subfamily C Member 6.;TRPC6 inhibitor for renal diseases, primarily targeting FSGS (Focal Segmental Glomerulosclerosis).;Patients with FSGS and other proteinuric kidney diseases;Tablet;Oral;;;;;;;;;;;;;;;;;;;;
MATCH_LE;0c283d15-4d0d-4628-a8b5-ff44e4dac60a;DrugProduct-BI.pdf;44;DrugProduct;Liquid;tbd;Ruppert,Tanja (HP BioP L&I) BIP-DE-I;(Blank);(Blank);(Blank);CDMO;CDMO;(Blank);2026-Jan-07;tbd;(Blank);Sf_Injection;BI 764198;2032;2033;;;tbd;InfoHub_V2, Drug Product;(Blank);NCE_liquid;Vial (Standard);tbd;(Blank);BI 764198_DMD;Not disclosed;Small Molecule;;Neuromuscular Disorders;;;2032;Duchenne Muscular Dystrophy;TRPC6 inhibitor - inhibits the Transient Receptor Potential Cation Channel Subfamily C Member 6.;Line extension of TRPC6 inhibitor for Duchenne Muscular Dystrophy.;Patients with Duchenne Muscular Dystrophy;Tablet;Oral;;;;;;;;;;;;;;;;;;;;
MATCH_LE;0c283d15-4d0d-4628-a8b5-ff44e4dac60a;DrugProduct-BI.pdf;44;DrugProduct;Liquid;tbd;Ruppert,Tanja (HP BioP L&I) BIP-DE-I;(Blank);(Blank);(Blank);CDMO;CDMO;(Blank);2026-Jan-07;tbd;(Blank);Sf_Injection;BI 764198;2032;2033;;;tbd;InfoHub_V2, Drug Product;(Blank);NCE_liquid;Vial (Standard);tbd;(Blank);BI 764198_PODO;Not disclosed;Small Molecule;;Nephrology / Renal;;;2034;Podocytopathies;TRPC6 inhibitor - inhibits the Transient Receptor Potential Cation Channel Subfamily C Member 6.;Line extension of TRPC6 inhibitor for podocyte-related kidney diseases.;Patients with podocytopathies;Tablet;Oral;;;;;;;;;;;;;;;;;;;;
MATCH_LE;0c283d15-4d0d-4628-a8b5-ff44e4dac60a;DrugProduct-BI.pdf;44;DrugProduct;Liquid;tbd;Ruppert,Tanja (HP BioP L&I) BIP-DE-I;(Blank);(Blank);(Blank);CDMO;CDMO;(Blank);2026-Jan-07;tbd;(Blank);Sf_Injection;BI 764198;2032;2033;;;tbd;InfoHub_V2, Drug Product;(Blank);NCE_liquid;Vial (Standard);tbd;(Blank);BI 764198_PED;Not disclosed;Small Molecule;;Nephrology / Renal;Pre-Clinical;;2035;FSGS Pediatric;TRPC6 inhibitor - inhibits the Transient Receptor Potential Cation Channel Subfamily C Member 6.;Pediatric line extension of TRPC6 inhibitor for FSGS in pediatric populations.;Pediatric patients with FSGS;Pediatric formulation;Oral;;;;;;;;;;;;;;;;;;;;
MATCH;0c283d15-4d0d-4628-a8b5-ff44e4dac60a;DrugProduct-BI.pdf;45;DrugProduct;Liquid;Buy;Trischler,Dr.,Martin (HP BioP L&I) BIP-DE-B;Low;(Blank);(Blank);INTERNAL;BI Biberach;(Blank);2026-Jan-07;Vetter Ravensburg;1-10 mio PCS;Sf_Injection;BI 764524;2030;2031;;Vetter Ravensburg;Vetter Ravensburg;InfoHub_V2, Drug Product;2 to 8°C;NBE;IVT;Sterile Filling;(Blank);BI 764524;Not disclosed;Monoclonal Antibody;NME;Ophthalmology;Phase II;On Track;2031;Diabetic Retinopathy (DR);Anti-Semaphorin 3A (anti-Sema3A) antibody - targets SEMA3A, a protein implicated in retinal vascular and neuronal pathology.;Anti-Sema3A antibody for retinal diseases, primarily targeting Diabetic Retinopathy.;Patients with Diabetic Retinopathy;Solution for injection;Intravitreal;;;;;;;;;;;;;;;;;;;;
MATCH_LE;0c283d15-4d0d-4628-a8b5-ff44e4dac60a;DrugProduct-BI.pdf;45;DrugProduct;Liquid;Buy;Trischler,Dr.,Martin (HP BioP L&I) BIP-DE-B;Low;(Blank);(Blank);INTERNAL;BI Biberach;(Blank);2026-Jan-07;Vetter Ravensburg;1-10 mio PCS;Sf_Injection;BI 764524;2030;2031;;Vetter Ravensburg;Vetter Ravensburg;InfoHub_V2, Drug Product;2 to 8°C;NBE;IVT;Sterile Filling;(Blank);BI 764524_DME;Not disclosed;Monoclonal Antibody;;Ophthalmology;;;2032;CI-DME;Anti-Semaphorin 3A (anti-Sema3A) antibody - targets SEMA3A, a protein implicated in retinal vascular and neuronal pathology.;Line extension of anti-Sema3A antibody for center-involved diabetic macular edema.;Patients with CI-DME;Solution for injection;Intravitreal;;;;;;;;;;;;;;;;;;;;
MATCH_LE;0c283d15-4d0d-4628-a8b5-ff44e4dac60a;DrugProduct-BI.pdf;45;DrugProduct;Liquid;Buy;Trischler,Dr.,Martin (HP BioP L&I) BIP-DE-B;Low;(Blank);(Blank);INTERNAL;BI Biberach;(Blank);2026-Jan-07;Vetter Ravensburg;1-10 mio PCS;Sf_Injection;BI 764524;2030;2031;;Vetter Ravensburg;Vetter Ravensburg;InfoHub_V2, Drug Product;2 to 8°C;NBE;IVT;Sterile Filling;(Blank);BI 764524_IRVO;Not disclosed;Monoclonal Antibody;;Ophthalmology;;;2032;iRVO;Anti-Semaphorin 3A (anti-Sema3A) antibody - targets SEMA3A, a protein implicated in retinal vascular and neuronal pathology.;Line extension of anti-Sema3A antibody for macular edema following retinal vein occlusion.;Patients with iRVO;Solution for injection;Intravitreal;;;;;;;;;;;;;;;;;;;;
MATCH;0c283d15-4d0d-4628-a8b5-ff44e4dac60a;DrugProduct-BI.pdf;46;DrugProduct;Liquid;Make;Lindemann,Dr.,Eva (HP BioP L&I) BIP-DE-I;Very Low;(Blank);(Blank);INTERNAL;BI Biberach;(Blank);2026-Jan-07;BI Biberach;<1 mio PCS;Sf_Injection;BI 765049;2031;2031;;BI Biberach;BI Biberach;InfoHub_V2, Drug Product;2 to 8°C;NBE;Vial (Standard);"Sterile Filling; Lyophilization";(Blank);BI 765049;Not disclosed;T-cell Engager;NME;Oncology;Phase I;On Track;2030;Colorectal Cancer (CRC);B7-H6/CD3 bispecific T-cell engager - binds B7-H6 on tumor cells and CD3 on T-cells to activate immune response against cancer cells.;B7-H6/CD3 bispecific T-cell engager for colorectal cancer. First-in-human Phase I as monotherapy and in combination with PD-1 inhibitor ezabenlimab.;Patients with advanced colorectal cancer and other gastrointestinal malignancies;Solution for infusion;Intravenous;;;;;;;;;;;;;;;;;;;;
MATCH;0c283d15-4d0d-4628-a8b5-ff44e4dac60a;DrugProduct-BI.pdf;47;DrugProduct;Liquid;Make;Lindemann,Dr.,Eva (HP BioP L&I) BIP-DE-I;Very Low;(Blank);(Blank);;(Blank);(Blank);2026-Jan-07;BI Biberach;<1 mio PCS;Sf_Injection;BI 765179;2031;2031;;BI Biberach;BI Biberach;InfoHub_V2, Drug Product;tbd;NBE;Vial (Standard);Sterile Filling;(Blank);BI 765179;Not disclosed;Monoclonal Antibody;NME;Oncology;Phase Ib;On Track;2031;Head and Neck Squamous Cell Carcinoma (HNSCC), First-Line PD-L1+;CD137-FAP bispecific agonist antibody - provides tumor-restricted CD137 activation through cancer-associated fibroblast (CAF) targeting via FAP.;CD137-FAP bispecific agonist antibody for head and neck squamous cell carcinoma. Phase Ib in combination with pembrolizumab for first-line PD-L1+ HNSCC.;Patients with PD-L1+ head and neck squamous cell carcinoma, first-line treatment;Solution for infusion;Intravenous;;;;;;;;;;;;;;;;;;;;
MATCH;0c283d15-4d0d-4628-a8b5-ff44e4dac60a;DrugProduct-BI.pdf;48;DrugProduct;Liquid;;Goeggel,Dr.,Svenja (HP BioP L&I) BIP-DE-B;(Blank);(Blank);(Blank);CDMO;Lonza (Basel);(Blank);2026-Jan-07;tbd;(Blank);Sf_Injection;BI 765423;2033;2034;;;tbd;InfoHub_V2, Drug Product;2 to 8°C;NBE;Vial (Standard);Sterile Filling;(Blank);BI 765423;;Monoclonal Antibody;NBE;Respiratory;Phase I;On Track;2034;Idiopathic/Progressive Pulmonary Fibrosis (IPF/PPFr);IL-11 blockade by binding to soluble IL-11 and preventing the IL-11/IL-11R interaction.;An anti-IL11 antibody designed to block the IL-11 cytokine implicated in fibrotic lung diseases.;;Injectable;Injectable (SFInj);Mammalian;Bulk_PFS (Bulk Pre-filled Syringe);;;;2;0;AD 2024;;;;;;;;;;;;
MATCH;0c283d15-4d0d-4628-a8b5-ff44e4dac60a;DrugProduct-BI.pdf;49;DrugProduct;Liquid;Make;Trischler,Dr.,Martin (HP BioP L&I) BIP-DE-B;(Blank);(Blank);(Blank);INTERNAL;BI Biberach;(Blank);2026-Jan-07;BI Biberach;(Blank);Sf_Injection;BI 770371;2032;2032;;BI Biberach;BI Biberach;InfoHub_V2, Drug Product;2 to 8°C;NBE;Vial (Standard);Sterile Filling;(Blank);BI 770371;Not disclosed;Recombinant Proteins;NME;Oncology;Phase I/II;On Track;2032;Head and Neck Squamous Cell Carcinoma (HNSCC);SIRPα antagonist - blocks the Signal Regulatory Protein alpha (SIRPα) to enhance macrophage-mediated tumor cell phagocytosis.;SIRPα antagonist for oncology, primarily targeting Head and Neck Squamous Cell Carcinoma.;Patients with HNSCC;Solution for infusion;Intravenous;;Vial (500 mg/vial, 50 mg/mL);;;;;;;;;;;;;;;;;;
MATCH_LE;0c283d15-4d0d-4628-a8b5-ff44e4dac60a;DrugProduct-BI.pdf;49;DrugProduct;Liquid;Make;Trischler,Dr.,Martin (HP BioP L&I) BIP-DE-B;(Blank);(Blank);(Blank);INTERNAL;BI Biberach;(Blank);2026-Jan-07;BI Biberach;(Blank);Sf_Injection;BI 770371;2032;2032;;BI Biberach;BI Biberach;InfoHub_V2, Drug Product;2 to 8°C;NBE;Vial (Standard);Sterile Filling;(Blank);BI 770371_MASH;Not disclosed;Recombinant Proteins;;Hepatology / CRM;;;2034;MASH;SIRPα antagonist - blocks the Signal Regulatory Protein alpha (SIRPα) to enhance macrophage-mediated phagocytosis and reduce inflammation.;Line extension of SIRPα antagonist for MASH, targeting inflammatory pathways in metabolic liver disease.;Patients with MASH;Solution for infusion;Intravenous;;;;;;;;;;;;;;;;;;;;
MATCH;0c283d15-4d0d-4628-a8b5-ff44e4dac60a;DrugProduct-BI.pdf;50;DrugProduct;Liquid;Buy;Malcher,Desiree (HP BioP L&I) BIP-DE-B;Low;(Blank);(Blank);"INTERNAL;CDMO";"BI Biberach; Vetter Ravensburg";(Blank);2026-Jan-07;"Vetter Ravensburg; BI Biberach";1-10 mio PCS;Sf_Injection;BI771716;2029;2030;;"Vetter Ravensburg; BI Biberach";"Vetter Ravensburg; BI Biberach";InfoHub_V2, Drug Product;2 to 8°C;NBE;IVT;Sterile Filling;(Blank);BI 771716;Not disclosed;Monoclonal Antibody;NME;Ophthalmology / Retinal Health;Phase II;On Track;2030;Geographic Atrophy (GA) secondary to Age-Related Macular Degeneration (AMD);Anti-C3/C3b antibody fragment (scFv) - highly specific single-chain variable fragment targeting C3 and C3b, inhibiting complement activation via all three pathways (classical, lectin, and alternative).;Anti-C3 antibody fragment (scFv) for Geographic Atrophy secondary to AMD. Intravitreal injection showing >90% reduction of free C3 in aqueous humor. Phase II VERDANT study active comparing q4w and q8w regimens vs pegcetacoplan.;Patients with Geographic Atrophy secondary to AMD;Solution for injection (single-dose vial, 150 mg/mL, 150 mg/vial);Intravitreal injection (IVT);Single-chain variable fragment (scFv) format;"Single-dose vial (current development; PFS platform under portfolio-wide evaluation)";;;;;;;;;RCV @Biberach/Vienna network (active);;;MED: 2;;;;;;
NO_MATCH_export;0c283d15-4d0d-4628-a8b5-ff44e4dac60a;DrugProduct-BI.pdf;51;DrugProduct;Digital;;D&DL-OPS:;;(Blank);(Blank);;(Blank);(Blank);2026-Jan-07;;;;CT-156-N/A;2028;2028;;;;InfoHub_V2, Drug Product;(Blank);Digital;Digital;;(Blank);;;Prescription Digital Therapeutic (SaMD/PDT);;;;;;;;;;;;;;;;;;;;;;;;;;;;;;;
NO_MATCH_export;0c283d15-4d0d-4628-a8b5-ff44e4dac60a;DrugProduct-BI.pdf;52;DrugProduct;Solid;Make;Thomas,Dr.,Johannes (HP BioP L&I) BIP-DE-I;High;(Blank);(Blank);;(Blank);(Blank);2026-Jan-07;BI Ingelheim;>100 mio PCS;FC_Tablet;Empagliflozin;marketed;marketed;;BI Ingelheim;"BI Koropi; Rottendorf Pharma GmbH; BI Mexico; BI ..";InfoHub_V2, Drug Product;Room Temp.;Solid;Film-coated tablet;High Shear Granulation;(Blank);;;Small Molecule;;;;;;;;;;;;;;;;;;;;;;;;;;;;;;;
NO_MATCH_export;0c283d15-4d0d-4628-a8b5-ff44e4dac60a;DrugProduct-BI.pdf;53;DrugProduct;Solid;Buy;Thomas,Dr.,Johannes (HP BioP L&I) BIP-DE-I;(Blank);(Blank);(Blank);;(Blank);(Blank);2026-Jan-07;Rottendorf Pharma GmbH;(Blank);FC_Tablet-PED;Empagliflozin;2029;2030;;Rottendorf Pharma GmbH;Rottendorf Pharma GmbH;InfoHub_V2, Drug Product;(Blank);Solid;Film-coated tablet;High Shear Granulation;(Blank);;;Small Molecule;;;;;;;;;;;;;;;;;;;;;;;;;;;;;;;
MATCH;0c283d15-4d0d-4628-a8b5-ff44e4dac60a;DrugProduct-BI.pdf;54;DrugProduct;Liquid;Make;Lischewski,Dr.,Axel (HP BioP L&I) BIP-DE-I;Very Low;(Blank);(Blank);INTERNAL;BI Biberach;(Blank);2026-Jan-07;BI Biberach;<1 mio PCS;Sf_Injection;Ezabenlimab;marketed;marketed;;BI Biberach;BI Biberach;InfoHub_V2, Drug Product;(Blank);NBE;Vial (Standard);Sterile Filling;(Blank);BI 754091;Ezabenlimab;Monoclonal Antibody;NBE;Oncology;Phase I/II (laufende Kombinationsprogramme);On Track;;IV formulation for use in Oncology combinations.;A humanized programmed cell death 1 (PD-1)-targeting monoclonal antibody.;PD-1 antibody as a combination backbone (e.g., with TcEs, STING-Ago., SIRPα-Antag., MDM2-Inhib.).;;Injectable;Intravenous (IV);Mammalian;Vial;;;;3A;0;AD 2024;Low (6 - 15 12k runs);Low (1 - 10 million PCS);Fremont @Fremont (ongoing);BC_F113 @Biberach (ongoing);;;;;;;;
NO_MATCH_export;0c283d15-4d0d-4628-a8b5-ff44e4dac60a;DrugProduct-BI.pdf;55;DrugProduct;Solid;Make;;(Blank);(Blank);(Blank);tbd;(Blank);(Blank);2026-Jan-07;tbd;(Blank);FC_Tablet;Linagliptin;marketed;marketed;;;tbd;InfoHub_V2, Drug Product;(Blank);Solid;Film-coated tablet;tbd;(Blank);;;Small Molecule;;;;;;;;;;;;;;;;;;;;;;;;;;;;;;;
MATCH;0c283d15-4d0d-4628-a8b5-ff44e4dac60a;DrugProduct-BI.pdf;56;DrugProduct;Solid;Make;Meusel,Dr.,Manuela (HP BioP L&I) BIP-DE-I;High;161K;122.0M;INTERNAL;BI Biberach;(Blank);2026-Jan-07;BI Ingelheim;>100 mio PCS;FC_Tablet;Nerandomilast;marketed;marketed;;BI Ingelheim;BI Koropi;InfoHub_V2, Drug Product;Room Temp.;Solid;Film-coated tablet;Twin Screw Granulation;(Blank);BI 1015550;Nerandomilast;Small Molecule;NME;"Respiratory (IPF; PPF in Zulassung)";Approved/Launched (US, 09-Oct-2025, IPF);On Track;2025;Idiopathic Pulmonary Fibrosis (IPF);An oral, preferential inhibitor of phosphodiesterase 4B (PDE4B).;Oraler PDE4B-Inhibitor, der den FVC-Rückgang bei IPF signifikant verlangsamt (Phase-3).;;Tablet;Oral;Twin Screw;"Blister; Bottle";Ongoing;;DS: ING=ongoing | DP: ING_SoL=ongoing;3A;-10;AD 2024;Low (10 - 1,000 kg);Medium (10 - 100 million PCS);ING @Ingelheim (qualified);"ING_SoL @Ingelheim (launch_ready); Koropi (transfer_ongoing)";;HIGH: 1;MED: 1;;IPF: 2 designations;Submitted;"US; China";
MATCH_LE;0c283d15-4d0d-4628-a8b5-ff44e4dac60a;DrugProduct-BI.pdf;56;DrugProduct;Solid;Make;Meusel,Dr.,Manuela (HP BioP L&I) BIP-DE-I;High;161K;122.0M;INTERNAL;BI Biberach;(Blank);2026-Jan-07;BI Ingelheim;>100 mio PCS;FC_Tablet;Nerandomilast;marketed;marketed;;BI Ingelheim;BI Koropi;InfoHub_V2, Drug Product;Room Temp.;Solid;Film-coated tablet;Twin Screw Granulation;(Blank);BI 1015550_PPF;Nerandomilast;Small Molecule;;Respiratory;Phase III;On Track;2026;Progressive Pulmonary Fibrosis;An oral, preferential inhibitor of phosphodiesterase 4B (PDE4B).;Line extension of Nerandomilast for Progressive Pulmonary Fibrosis. Phase III development.;;Tablet;Oral;;;;;;;;;;;;;;;;;;;;
MATCH_LE;0c283d15-4d0d-4628-a8b5-ff44e4dac60a;DrugProduct-BI.pdf;56;DrugProduct;Solid;Make;Meusel,Dr.,Manuela (HP BioP L&I) BIP-DE-I;High;161K;122.0M;INTERNAL;BI Biberach;(Blank);2026-Jan-07;BI Ingelheim;>100 mio PCS;FC_Tablet;Nerandomilast;marketed;marketed;;BI Ingelheim;BI Koropi;InfoHub_V2, Drug Product;Room Temp.;Solid;Film-coated tablet;Twin Screw Granulation;(Blank);BI 1015550_MYO;Nerandomilast;Small Molecule;;Immunology;;;2030;Myositis;An oral, preferential inhibitor of phosphodiesterase 4B (PDE4B).;Line extension of Nerandomilast for Myositis indication.;;Tablet;Oral;;;;;;;;;;;;;;;;;;;;
MATCH_LE;0c283d15-4d0d-4628-a8b5-ff44e4dac60a;DrugProduct-BI.pdf;56;DrugProduct;Solid;Make;Meusel,Dr.,Manuela (HP BioP L&I) BIP-DE-I;High;161K;122.0M;INTERNAL;BI Biberach;(Blank);2026-Jan-07;BI Ingelheim;>100 mio PCS;FC_Tablet;Nerandomilast;marketed;marketed;;BI Ingelheim;BI Koropi;InfoHub_V2, Drug Product;Room Temp.;Solid;Film-coated tablet;Twin Screw Granulation;(Blank);BI 1015550_PED;Nerandomilast;Small Molecule;;Respiratory;Pre-Clinical;On Track;2030;Pediatric Pulmonary Fibrosis;An oral, preferential inhibitor of phosphodiesterase 4B (PDE4B).;Pediatric line extension of Nerandomilast for pulmonary fibrosis. Uses different manufacturing process (Fluid Bed, outsourced to Almac).;;Pediatric formulation;Oral;Fluid Bed;;;;;;;;;;;;;;;;;;;
MATCH_LE;0c283d15-4d0d-4628-a8b5-ff44e4dac60a;DrugProduct-BI.pdf;56;DrugProduct;Solid;Make;Meusel,Dr.,Manuela (HP BioP L&I) BIP-DE-I;High;161K;122.0M;INTERNAL;BI Biberach;(Blank);2026-Jan-07;BI Ingelheim;>100 mio PCS;FC_Tablet;Nerandomilast;marketed;marketed;;BI Ingelheim;BI Koropi;InfoHub_V2, Drug Product;Room Temp.;Solid;Film-coated tablet;Twin Screw Granulation;(Blank);BI 1015550_SSC;Nerandomilast;Small Molecule;;Immunology;Phase II;On Track;2030;Systemic Sclerosis;An oral, preferential inhibitor of phosphodiesterase 4B (PDE4B).;Line extension of Nerandomilast for Systemic Sclerosis. Phase II development.;;Tablet;Oral;;;;;;;;;;;;;;;;;;;;
MATCH;0c283d15-4d0d-4628-a8b5-ff44e4dac60a;DrugProduct-BI.pdf;57;DrugProduct;Solid;Buy;Meusel,Dr.,Manuela (HP BioP L&I) BIP-DE-I;(Blank);(Blank);(Blank);CDMO;Almac, UK;(Blank);2026-Jan-07;Almac Charnwood;(Blank);Oral Granules-PED;Nerandomilast;2029;2030;;Almac Dundalk;Almac Charnwood;InfoHub_V2, Drug Product;Room Temp.;Solid;Oral Granules;tbd;(Blank);BI 1015550;Nerandomilast;Small Molecule;NME;"Respiratory (IPF; PPF in Zulassung)";Approved/Launched (US, 09-Oct-2025, IPF);On Track;2025;Idiopathic Pulmonary Fibrosis (IPF);An oral, preferential inhibitor of phosphodiesterase 4B (PDE4B).;Oraler PDE4B-Inhibitor, der den FVC-Rückgang bei IPF signifikant verlangsamt (Phase-3).;;Tablet;Oral;Twin Screw;"Blister; Bottle";Ongoing;;DS: ING=ongoing | DP: ING_SoL=ongoing;3A;-10;AD 2024;Low (10 - 1,000 kg);Medium (10 - 100 million PCS);ING @Ingelheim (qualified);"ING_SoL @Ingelheim (launch_ready); Koropi (transfer_ongoing)";;HIGH: 1;MED: 1;;IPF: 2 designations;Submitted;"US; China";
MATCH_LE;0c283d15-4d0d-4628-a8b5-ff44e4dac60a;DrugProduct-BI.pdf;57;DrugProduct;Solid;Buy;Meusel,Dr.,Manuela (HP BioP L&I) BIP-DE-I;(Blank);(Blank);(Blank);CDMO;Almac, UK;(Blank);2026-Jan-07;Almac Charnwood;(Blank);Oral Granules-PED;Nerandomilast;2029;2030;;Almac Dundalk;Almac Charnwood;InfoHub_V2, Drug Product;Room Temp.;Solid;Oral Granules;tbd;(Blank);BI 1015550_PPF;Nerandomilast;Small Molecule;;Respiratory;Phase III;On Track;2026;Progressive Pulmonary Fibrosis;An oral, preferential inhibitor of phosphodiesterase 4B (PDE4B).;Line extension of Nerandomilast for Progressive Pulmonary Fibrosis. Phase III development.;;Tablet;Oral;;;;;;;;;;;;;;;;;;;;
MATCH_LE;0c283d15-4d0d-4628-a8b5-ff44e4dac60a;DrugProduct-BI.pdf;57;DrugProduct;Solid;Buy;Meusel,Dr.,Manuela (HP BioP L&I) BIP-DE-I;(Blank);(Blank);(Blank);CDMO;Almac, UK;(Blank);2026-Jan-07;Almac Charnwood;(Blank);Oral Granules-PED;Nerandomilast;2029;2030;;Almac Dundalk;Almac Charnwood;InfoHub_V2, Drug Product;Room Temp.;Solid;Oral Granules;tbd;(Blank);BI 1015550_MYO;Nerandomilast;Small Molecule;;Immunology;;;2030;Myositis;An oral, preferential inhibitor of phosphodiesterase 4B (PDE4B).;Line extension of Nerandomilast for Myositis indication.;;Tablet;Oral;;;;;;;;;;;;;;;;;;;;
MATCH_LE;0c283d15-4d0d-4628-a8b5-ff44e4dac60a;DrugProduct-BI.pdf;57;DrugProduct;Solid;Buy;Meusel,Dr.,Manuela (HP BioP L&I) BIP-DE-I;(Blank);(Blank);(Blank);CDMO;Almac, UK;(Blank);2026-Jan-07;Almac Charnwood;(Blank);Oral Granules-PED;Nerandomilast;2029;2030;;Almac Dundalk;Almac Charnwood;InfoHub_V2, Drug Product;Room Temp.;Solid;Oral Granules;tbd;(Blank);BI 1015550_PED;Nerandomilast;Small Molecule;;Respiratory;Pre-Clinical;On Track;2030;Pediatric Pulmonary Fibrosis;An oral, preferential inhibitor of phosphodiesterase 4B (PDE4B).;Pediatric line extension of Nerandomilast for pulmonary fibrosis. Uses different manufacturing process (Fluid Bed, outsourced to Almac).;;Pediatric formulation;Oral;Fluid Bed;;;;;;;;;;;;;;;;;;;
MATCH_LE;0c283d15-4d0d-4628-a8b5-ff44e4dac60a;DrugProduct-BI.pdf;57;DrugProduct;Solid;Buy;Meusel,Dr.,Manuela (HP BioP L&I) BIP-DE-I;(Blank);(Blank);(Blank);CDMO;Almac, UK;(Blank);2026-Jan-07;Almac Charnwood;(Blank);Oral Granules-PED;Nerandomilast;2029;2030;;Almac Dundalk;Almac Charnwood;InfoHub_V2, Drug Product;Room Temp.;Solid;Oral Granules;tbd;(Blank);BI 1015550_SSC;Nerandomilast;Small Molecule;;Immunology;Phase II;On Track;2030;Systemic Sclerosis;An oral, preferential inhibitor of phosphodiesterase 4B (PDE4B).;Line extension of Nerandomilast for Systemic Sclerosis. Phase II development.;;Tablet;Oral;;;;;;;;;;;;;;;;;;;;
NO_MATCH_export;0c283d15-4d0d-4628-a8b5-ff44e4dac60a;DrugProduct-BI.pdf;58;DrugProduct;Solid;Buy;Ruppert,Tanja (HP BioP L&I) BIP-DE-I;Very Low;(Blank);(Blank);INTERNAL;Biberach;(Blank);2026-Jan-07;Catalent Eberbach;<1 mio PCS;SG_Capsule;Nintedanib;marketed;marketed;;Catalent Eberbach;Catalent Eberbach;InfoHub_V2, Drug Product;(Blank);Solid;Solids non-standard;Encapsulation;(Blank);;;Small Molecule;;;;;;;;;;;;;;;;;;;;;;;;;;;;;;;
MATCH;0c283d15-4d0d-4628-a8b5-ff44e4dac60a;DrugProduct-BI.pdf;59;DrugProduct;Liquid;Buy;Schneider,Dr.,Siegfried (HP BioP L&I) BIP-DE-B;Low;(Blank);(Blank);;(Blank);(Blank);2026-Jan-07;Vetter Ravensburg;>100 mio PCS;Sf_Injection;Obrixtamig;2027;2027;;"Vetter Ravensburg; Rentschler Biopharma";Vetter Ravensburg;InfoHub_V2, Drug Product;2 to 8°C;NBE;Vial (Standard);"Sterile Filling; Lyophilization";(Blank);BI 764532;Obrixtamig;T-cell Engager;NME;Oncology;Phase II;On Track;2027;Extra-pulmonale neuroendokrine Karzinome (2L epNEC);Bispezifischer DLL3/CD3 T-Zell-Engager, der DLL3 auf Tumorzellen und CD3 auf T-Zellen bindet zur gezielten Immunaktivierung.;Bispezifischer Antikörper für neuroendokrine Karzinome. Lead indication: 2L epNEC als Monotherapie.;Patienten mit DLL3-positiven neuroendokrinen Karzinomen;Pulver für Lösung zur Infusion;Intravenös und subkutan;;Glasvial (30 mg/Vial);DS abgeschlossen, DP geplant Q4/2025;;;;;;;;;;;;;;;;"US; Germany; Japan; China";
MATCH_LE;0c283d15-4d0d-4628-a8b5-ff44e4dac60a;DrugProduct-BI.pdf;59;DrugProduct;Liquid;Buy;Schneider,Dr.,Siegfried (HP BioP L&I) BIP-DE-B;Low;(Blank);(Blank);;(Blank);(Blank);2026-Jan-07;Vetter Ravensburg;>100 mio PCS;Sf_Injection;Obrixtamig;2027;2027;;"Vetter Ravensburg; Rentschler Biopharma";Vetter Ravensburg;InfoHub_V2, Drug Product;2 to 8°C;NBE;Vial (Standard);"Sterile Filling; Lyophilization";(Blank);BI 764532_EPNEC;Obrixtamig;T-cell Engager;;Oncology;Phase Ib/III;On Track;2029;Extra-pulmonale neuroendokrine Karzinome (First-Line);Bispezifischer DLL3/CD3 T-Zell-Engager, der DLL3 auf Tumorzellen und CD3 auf T-Zellen bindet zur gezielten Immunaktivierung.;Line extension of Obrixtamig for first-line epNEC. Combination therapy with Pt/Etoposid (Dareon™-7).;Patients with extra-pulmonary neuroendocrine carcinomas, first-line treatment;Pulver für Lösung zur Infusion;Intravenös und subkutan;;;;;;;;;;;;;;;;;;;;
MATCH_LE;0c283d15-4d0d-4628-a8b5-ff44e4dac60a;DrugProduct-BI.pdf;59;DrugProduct;Liquid;Buy;Schneider,Dr.,Siegfried (HP BioP L&I) BIP-DE-B;Low;(Blank);(Blank);;(Blank);(Blank);2026-Jan-07;Vetter Ravensburg;>100 mio PCS;Sf_Injection;Obrixtamig;2027;2027;;"Vetter Ravensburg; Rentschler Biopharma";Vetter Ravensburg;InfoHub_V2, Drug Product;2 to 8°C;NBE;Vial (Standard);"Sterile Filling; Lyophilization";(Blank);BI 764532_SCLC;Obrixtamig;T-cell Engager;;Oncology;Phase III;On Track;2029;Extensive-Stage Small Cell Lung Cancer (First-Line);Bispezifischer DLL3/CD3 T-Zell-Engager, der DLL3 auf Tumorzellen und CD3 auf T-Zellen bindet zur gezielten Immunaktivierung.;Line extension of Obrixtamig for first-line ES-SCLC. Combination therapy with Pt/Etoposid + Immunotherapy (Dareon™-9).;Patients with extensive-stage small cell lung cancer, first-line treatment;Pulver für Lösung zur Infusion;Intravenös und subkutan;;;;;;;;;;;;;;;;;;;;
MATCH;0c283d15-4d0d-4628-a8b5-ff44e4dac60a;DrugProduct-BI.pdf;60;DrugProduct;Liquid;Make;Schneider,Dr.,Siegfried (HP BioP L&I) BIP-DE-B;Low;(Blank);(Blank);;(Blank);(Blank);2026-Jan-07;BI Biberach;1-10 mio PCS;Sf_Injection;Spesolimab;marketed;marketed;;BI Biberach;BI Biberach;InfoHub_V2, Drug Product;2 to 8°C;NBE;Device for s.c. injection;Sterile Filling;(Blank);BI 655130;Spesolimab;Monoclonal Antibody;NBE;"Immunology; Neutrophilic Dermatoses";Marketed (GPP flares);;2027;Pyoderma Gangrenosum (PG);Humanized IgG1 monoclonal antibody antagonizing IL-36 receptor (IL-36R), blocking IL-36α, IL-36β, and IL-36γ signaling.;"Anti-IL-36R monoclonal antibody approved for GPP flares, investigational for pyoderma gangrenosum; IV for flares, SC for prevention.";Adults with active PG lesions.;"IV for acute flare; SC for long-term prevention";Injectable;;"Vial; Prefilled syringe";;;;;0;AD 2024;;;;;;MED: 2;;;Systemic Sclerosis (SSc): 1 designation;;;
MATCH;0c283d15-4d0d-4628-a8b5-ff44e4dac60a;DrugProduct-BI.pdf;61;DrugProduct;Liquid;Buy;Hennig,Dr.,Rabea (HP BioP L&I) BIP-DE-I;High;5M;100.0M;INTERNAL;BI Biberach;(Blank);2026-Jan-07;Thermo Fisher Greenville;>100 mio PCS;Sf_Injection-AI;Survodutide;2026;2027;;Thermo Fisher Greenville;"Thermo Fisher Greenville; BI Sant Cugat";InfoHub_V2, Drug Product;2 to 8°C;NCE_liquid;Device for s.c. injection;Sterile Filling;(Blank);BI 456906;Survodutide;Peptides;NME;Cardiovascular-Renal-Metabolic (CRM);Phase III;Delayed;2027;Obesity;A novel glucagon receptor (GCGR) and GLP-1 receptor dual agonist.;A GCGR/GLP-1 receptor dual agonist for people living with overweight or obesity, and for those with MASH.;People living with overweight or obesity (BMI ≥ 27 kg/m²) and people living with MASH.;Fertigspritze/Autoinjektor (in Entwicklung);Subkutan;Synthese via SPPS (Peptid);PEN device;Halted;CMC;DS: PPG=halted | DP: -;;86;AD 2024;;;PPG (halted);"Thermo Fisher; ING";Nemera (PEN/Primary);HIGH: 2;CRIT: 2;;Obesity: 2 designations;;;
MATCH_LE;0c283d15-4d0d-4628-a8b5-ff44e4dac60a;DrugProduct-BI.pdf;61;DrugProduct;Liquid;Buy;Hennig,Dr.,Rabea (HP BioP L&I) BIP-DE-I;High;5M;100.0M;INTERNAL;BI Biberach;(Blank);2026-Jan-07;Thermo Fisher Greenville;>100 mio PCS;Sf_Injection-AI;Survodutide;2026;2027;;Thermo Fisher Greenville;"Thermo Fisher Greenville; BI Sant Cugat";InfoHub_V2, Drug Product;2 to 8°C;NCE_liquid;Device for s.c. injection;Sterile Filling;(Blank);BI 456906_MASH1;Survodutide;Peptides;;Cardiovascular-Renal-Metabolic (CRM);Phase III;Delayed;2028;MASH F2/F3;A novel glucagon receptor (GCGR) and GLP-1 receptor dual agonist.;Line extension of Survodutide for MASH F2/F3. Shares same NME development path, approximately one year behind obesity indication.;People living with MASH F2/F3;Fertigspritze/Autoinjektor;Subkutan;;;;;;;;;;;;;;;;;;;;
MATCH_LE;0c283d15-4d0d-4628-a8b5-ff44e4dac60a;DrugProduct-BI.pdf;61;DrugProduct;Liquid;Buy;Hennig,Dr.,Rabea (HP BioP L&I) BIP-DE-I;High;5M;100.0M;INTERNAL;BI Biberach;(Blank);2026-Jan-07;Thermo Fisher Greenville;>100 mio PCS;Sf_Injection-AI;Survodutide;2026;2027;;Thermo Fisher Greenville;"Thermo Fisher Greenville; BI Sant Cugat";InfoHub_V2, Drug Product;2 to 8°C;NCE_liquid;Device for s.c. injection;Sterile Filling;(Blank);BI 456906_MASH2;Survodutide;Peptides;;Cardiovascular-Renal-Metabolic (CRM);;;2030;MASH cF4;A novel glucagon receptor (GCGR) and GLP-1 receptor dual agonist.;Line extension of Survodutide for compensated cirrhosis due to MASH (cF4 stage).;People living with MASH cF4;Fertigspritze/Autoinjektor;Subkutan;;;;;;;;;;;;;;;;;;;;
MATCH;0c283d15-4d0d-4628-a8b5-ff44e4dac60a;DrugProduct-BI.pdf;62;DrugProduct;Liquid;Make;Duchardt,Dr.,Falk (HP BioP L&I) BIP-DE-I;(Blank);(Blank);(Blank);INTERNAL;BI Biberach;(Blank);2026-Jan-07;BI Biberach;(Blank);Sf_Injection-PEN;Survodutide;2027;2028;;BI Biberach;BI Biberach;InfoHub_V2, Drug Product;2 to 8°C;NCE_liquid;Device for s.c. injection;Sterile Filling;(Blank);BI 456906;Survodutide;Peptides;NME;Cardiovascular-Renal-Metabolic (CRM);Phase III;Delayed;2027;Obesity;A novel glucagon receptor (GCGR) and GLP-1 receptor dual agonist.;A GCGR/GLP-1 receptor dual agonist for people living with overweight or obesity, and for those with MASH.;People living with overweight or obesity (BMI ≥ 27 kg/m²) and people living with MASH.;Fertigspritze/Autoinjektor (in Entwicklung);Subkutan;Synthese via SPPS (Peptid);PEN device;Halted;CMC;DS: PPG=halted | DP: -;;86;AD 2024;;;PPG (halted);"Thermo Fisher; ING";Nemera (PEN/Primary);HIGH: 2;CRIT: 2;;Obesity: 2 designations;;;
MATCH_LE;0c283d15-4d0d-4628-a8b5-ff44e4dac60a;DrugProduct-BI.pdf;62;DrugProduct;Liquid;Make;Duchardt,Dr.,Falk (HP BioP L&I) BIP-DE-I;(Blank);(Blank);(Blank);INTERNAL;BI Biberach;(Blank);2026-Jan-07;BI Biberach;(Blank);Sf_Injection-PEN;Survodutide;2027;2028;;BI Biberach;BI Biberach;InfoHub_V2, Drug Product;2 to 8°C;NCE_liquid;Device for s.c. injection;Sterile Filling;(Blank);BI 456906_MASH1;Survodutide;Peptides;;Cardiovascular-Renal-Metabolic (CRM);Phase III;Delayed;2028;MASH F2/F3;A novel glucagon receptor (GCGR) and GLP-1 receptor dual agonist.;Line extension of Survodutide for MASH F2/F3. Shares same NME development path, approximately one year behind obesity indication.;People living with MASH F2/F3;Fertigspritze/Autoinjektor;Subkutan;;;;;;;;;;;;;;;;;;;;
MATCH_LE;0c283d15-4d0d-4628-a8b5-ff44e4dac60a;DrugProduct-BI.pdf;62;DrugProduct;Liquid;Make;Duchardt,Dr.,Falk (HP BioP L&I) BIP-DE-I;(Blank);(Blank);(Blank);INTERNAL;BI Biberach;(Blank);2026-Jan-07;BI Biberach;(Blank);Sf_Injection-PEN;Survodutide;2027;2028;;BI Biberach;BI Biberach;InfoHub_V2, Drug Product;2 to 8°C;NCE_liquid;Device for s.c. injection;Sterile Filling;(Blank);BI 456906_MASH2;Survodutide;Peptides;;Cardiovascular-Renal-Metabolic (CRM);;;2030;MASH cF4;A novel glucagon receptor (GCGR) and GLP-1 receptor dual agonist.;Line extension of Survodutide for compensated cirrhosis due to MASH (cF4 stage).;People living with MASH cF4;Fertigspritze/Autoinjektor;Subkutan;;;;;;;;;;;;;;;;;;;;
NO_MATCH_export;0c283d15-4d0d-4628-a8b5-ff44e4dac60a;DrugProduct-BI.pdf;63;DrugProduct;Liquid;tbd;Cullmann,Dr.,Gerhard (HP BioP BioX) BIG-AT-V;(Blank);(Blank);(Blank);;(Blank);(Blank);2026-Jan-07;tbd;(Blank);Sf_Injection;T3P-Y058-739;2031;2032;;tbd;tbd;InfoHub_V2, Drug Product;(Blank);NBE;Technology unknown;Sterile Filling;(Blank);;;LBT;;;;;;;;;;;;;;;;;;;;;;;;;;;;;;;
NO_MATCH_export;0c283d15-4d0d-4628-a8b5-ff44e4dac60a;DrugProduct-BI.pdf;64;DrugProduct;Liquid;Make;Mueller,Dr.,Markus_Michael (HP BioP L&I) BIP-DE-B;Low;(Blank);(Blank);INTERNAL;(Blank);(Blank);2026-Jan-07;BI Biberach;1-10 mio PCS;Sf_Injection;Tenecteplase (2nd Gen.);2028;2029;;(Blank);BI Biberach;InfoHub_V2, Drug Product;(Blank);NBE;Vial (Standard);Sterile Filling;(Blank);;;Recombinant Proteins;;;;;;;;;;;;;;;;;;;;;;;;;;;;;;;
MATCH;0c283d15-4d0d-4628-a8b5-ff44e4dac60a;DrugProduct-BI.pdf;65;DrugProduct;Liquid;Make;Wiedenmann,Dr.,Alexander (HP BioP L&I) BIP-DE-B;(Blank);(Blank);(Blank);;(Blank);(Blank);2026-Jan-07;BI Biberach;(Blank);Sf_Injection;Tenecteplase;marketed;marketed;;;BI Biberach;InfoHub_V2, Drug Product;(Blank);NBE;Vial (Standard);Sterile Filling;(Blank);BI XXXXX;Tenecteplase;Recombinant Proteins;NME;Neurology / Stroke;Phase III;On Track;2029;Acute Ischemic Stroke (AIS) in extended time window (4.5-24h);Tissue Plasminogen Activator - recombinant fibrin-specific thrombolytic agent that converts plasminogen to plasmin.;Tissue plasminogen activator for acute ischemic stroke in extended time window (4.5-24h). Single-bolus administration offers practical advantage over alteplase.;Patients with acute ischemic stroke, including basilar artery occlusion (BAO) up to 24 hours;Solution for injection;Intravenous (single bolus);;;;;;;;;;;;;;;;;AIS: 1 designation;;;
MATCH;0c283d15-4d0d-4628-a8b5-ff44e4dac60a;DrugProduct-BI.pdf;66;DrugProduct;Solid;Make;Schmidt,Dr.,Friedrich (HP BioP L&I) BIP-DE-I;Medium;(Blank);(Blank);INTERNAL;BI Biberach;(Blank);2026-Jan-07;BI Ingelheim;10-100 mio PCS;FC_Tablet;Verducatib;2028;2028;;BI Ingelheim;tbd;InfoHub_V2, Drug Product;Room Temp.;Solid;Solids non-standard;Direct Compression;(Blank);BI 1291583;Verducatib;Small Molecule;NME;"Respiratory; Immunology";Phase III;Delayed;2029;Non-Cystic Fibrosis Bronchiectasis (NCFBE);Cathepsin C (CatC) inhibitor.;A CatC inhibitor for inflammatory lung conditions, targeting neutrophil serine proteases activation.;;Tablet;Oral;Direct compression + Film-coating;"Blister; Bottle";;;;3B;135;AD 2024;Low (10 - 1,000 kg);Medium (10 - 100 million PCS);ING (ongoing);ING_SoL (ongoing);;HIGH: 3;;;NCFBE: 1 designation;;;
MATCH;0c283d15-4d0d-4628-a8b5-ff44e4dac60a;DrugProduct-BI.pdf;67;DrugProduct;Solid;Make;Hartig-Heimel,Dr.,Mareke (HP BioP L&I) BIP-DE-I;High;(Blank);3.4bn;INTERNAL;"BI Japan; BI Biberach";24 months;2026-Jan-07;BI Ingelheim;>100 mio PCS;FC_Tablet;"Vicadrostat; Empagliflozin";2027;2028;;BI Ingelheim;BI Koropi;InfoHub_V2, Drug Product;Room Temp.;Solid;Film-coated tablet;Fluid Bed Granulation;(Blank);BI 690517;Vicadrostat;Small Molecule;NME;Cardiovascular-Renal-Metabolic (CRM);Phase III;On Track;2028;Chronic Kidney Disease (CKD);A novel, selective, and potent aldosterone synthase inhibitor (ASi).;An aldosterone synthase inhibitor used in combination with empagliflozin for cardiovascular and renal disease.;;Tablet;Oral;Twin Screw;"Blister; Bottle";Ongoing;;DS: ING=transfer_ongoing | DP: ING_SoL=transfer_ongoing;3A;0;AD 2024;High (> 10 tn);High (> 100 million PCS);ING @Ingelheim (ongoing);ING_SoL @Ingelheim (ongoing);;;;;;;;
NO_MATCH_export;0c283d15-4d0d-4628-a8b5-ff44e4dac60a;DrugProduct-BI.pdf;67;DrugProduct;Solid;Make;Hartig-Heimel,Dr.,Mareke (HP BioP L&I) BIP-DE-I;High;(Blank);3.4bn;INTERNAL;"BI Japan; BI Biberach";24 months;2026-Jan-07;BI Ingelheim;>100 mio PCS;FC_Tablet;"Vicadrostat; Empagliflozin";2027;2028;;BI Ingelheim;BI Koropi;InfoHub_V2, Drug Product;Room Temp.;Solid;Film-coated tablet;Fluid Bed Granulation;(Blank);;;Small Molecule;;;;;;;;;;;;;;;;;;;;;;;;;;;;;;;
MATCH;0c283d15-4d0d-4628-a8b5-ff44e4dac60a;DrugProduct-BI.pdf;68;DrugProduct;Solid;tbd;Hartig-Heimel,Dr.,Mareke (HP BioP L&I) BIP-DE-I;(Blank);(Blank);(Blank);tbd;(Blank);(Blank);2026-Jan-07;tbd;(Blank);Oral Granules-PED;Vicadrostat;2034;2035;;;tbd;InfoHub_V2, Drug Product;Room Temp.;Solid;Oral Granules;tbd;(Blank);BI 690517;Vicadrostat;Small Molecule;NME;Cardiovascular-Renal-Metabolic (CRM);Phase III;On Track;2028;Chronic Kidney Disease (CKD);A novel, selective, and potent aldosterone synthase inhibitor (ASi).;An aldosterone synthase inhibitor used in combination with empagliflozin for cardiovascular and renal disease.;;Tablet;Oral;Twin Screw;"Blister; Bottle";Ongoing;;DS: ING=transfer_ongoing | DP: ING_SoL=transfer_ongoing;3A;0;AD 2024;High (> 10 tn);High (> 100 million PCS);ING @Ingelheim (ongoing);ING_SoL @Ingelheim (ongoing);;;;;;;;
MATCH;0c283d15-4d0d-4628-a8b5-ff44e4dac60a;DrugProduct-BI.pdf;69;DrugProduct;Solid;Hybrid;May,Dr.,Sabine (HP BioP L&I) BIP-DE-I;Low;(Blank);(Blank);EACD;Seran;24 months;2026-Jan-07;"Hovione Loures; BI Ingelheim";1-10 mio PCS;FC_Tablet-SDD;Zongertinib;marketed;marketed;;"Hovione Loures; BI Ingelheim";"Hovione Loures; BI Koropi";InfoHub_V2, Drug Product;2 to 8°C;Solid;Solids non-standard;"Organic Spray Drying; Roller Compaction";(Blank);BI 1810631;Zongertinib;Small Molecule;NME;Oncology;Approved/Launched (US, Accelerated Approval 08-Aug-2025);On Track;2026;Non-Small Cell Lung Cancer (NSCLC) with HER2 alterations.;Irreversible, HER2-selective Tyrosine Kinase Inhibitor (TKI).;An irreversible, HER2-selective TKI designed to block uncontrolled cell production in HER2-driven cancers like NSCLC.;Patients with HER2-driven cancers / advanced solid tumors with HER2 gene alterations.;Tablet;Oral;Spray Dried Dispersion (SDD) + Film-Coated Tablet (FCT);Bottle;Completed;OPS;DS: Cambrex=completed, Alphora=ongoing | DP: Hovione=completed, ING=completed;3A;0;AD 2024;Low (10 - 1,000 kg);Low (1 - 10 million PCS);"Cambrex (qualified); Alphora (ongoing)";"Hovione (qualified); ING (qualified)";;HIGH: 1;MED: 1;;NSCLC: 2 designations;Submitted;US;
MATCH_LE;0c283d15-4d0d-4628-a8b5-ff44e4dac60a;DrugProduct-BI.pdf;69;DrugProduct;Solid;Hybrid;May,Dr.,Sabine (HP BioP L&I) BIP-DE-I;Low;(Blank);(Blank);EACD;Seran;24 months;2026-Jan-07;"Hovione Loures; BI Ingelheim";1-10 mio PCS;FC_Tablet-SDD;Zongertinib;marketed;marketed;;"Hovione Loures; BI Ingelheim";"Hovione Loures; BI Koropi";InfoHub_V2, Drug Product;2 to 8°C;Solid;Solids non-standard;"Organic Spray Drying; Roller Compaction";(Blank);BI 1810631_BC1;Zongertinib;Small Molecule;;Oncology;;;2029;Breast Cancer (Third-Line and Beyond);Irreversible, HER2-selective Tyrosine Kinase Inhibitor (TKI).;Line extension of Zongertinib for third-line and beyond breast cancer with HER2 alterations.;Patients with HER2-driven breast cancer;Tablet;Oral;;;;;;;;;;;;;;;;;;;;
MATCH_LE;0c283d15-4d0d-4628-a8b5-ff44e4dac60a;DrugProduct-BI.pdf;69;DrugProduct;Solid;Hybrid;May,Dr.,Sabine (HP BioP L&I) BIP-DE-I;Low;(Blank);(Blank);EACD;Seran;24 months;2026-Jan-07;"Hovione Loures; BI Ingelheim";1-10 mio PCS;FC_Tablet-SDD;Zongertinib;marketed;marketed;;"Hovione Loures; BI Ingelheim";"Hovione Loures; BI Koropi";InfoHub_V2, Drug Product;2 to 8°C;Solid;Solids non-standard;"Organic Spray Drying; Roller Compaction";(Blank);BI 1810631_GC;Zongertinib;Small Molecule;;Oncology;;;2031;Gastric Cancer (Second-Line);Irreversible, HER2-selective Tyrosine Kinase Inhibitor (TKI).;Line extension of Zongertinib for second-line gastric cancer with HER2 alterations.;Patients with HER2-driven gastric cancer;Tablet;Oral;;;;;;;;;;;;;;;;;;;;
MATCH_LE;0c283d15-4d0d-4628-a8b5-ff44e4dac60a;DrugProduct-BI.pdf;69;DrugProduct;Solid;Hybrid;May,Dr.,Sabine (HP BioP L&I) BIP-DE-I;Low;(Blank);(Blank);EACD;Seran;24 months;2026-Jan-07;"Hovione Loures; BI Ingelheim";1-10 mio PCS;FC_Tablet-SDD;Zongertinib;marketed;marketed;;"Hovione Loures; BI Ingelheim";"Hovione Loures; BI Koropi";InfoHub_V2, Drug Product;2 to 8°C;Solid;Solids non-standard;"Organic Spray Drying; Roller Compaction";(Blank);BI 1810631_NSCLC2;Zongertinib;Small Molecule;;Oncology;Phase III;;2031;Non-Small Cell Lung Cancer (Adjuvant);Irreversible, HER2-selective Tyrosine Kinase Inhibitor (TKI).;Line extension of Zongertinib for adjuvant treatment of NSCLC with HER2 alterations.;Patients with HER2-driven NSCLC in adjuvant setting;Tablet;Oral;;;;;;;;;;;;;;;;;;;;
MATCH_LE;0c283d15-4d0d-4628-a8b5-ff44e4dac60a;DrugProduct-BI.pdf;69;DrugProduct;Solid;Hybrid;May,Dr.,Sabine (HP BioP L&I) BIP-DE-I;Low;(Blank);(Blank);EACD;Seran;24 months;2026-Jan-07;"Hovione Loures; BI Ingelheim";1-10 mio PCS;FC_Tablet-SDD;Zongertinib;marketed;marketed;;"Hovione Loures; BI Ingelheim";"Hovione Loures; BI Koropi";InfoHub_V2, Drug Product;2 to 8°C;Solid;Solids non-standard;"Organic Spray Drying; Roller Compaction";(Blank);BI 1810631_BC2;Zongertinib;Small Molecule;;Oncology;;;2032;Breast Cancer (Second-Line);Irreversible, HER2-selective Tyrosine Kinase Inhibitor (TKI).;Line extension of Zongertinib for second-line breast cancer with HER2 alterations.;Patients with HER2-driven breast cancer;Tablet;Oral;;;;;;;;;;;;;;;;;;;;
NO_MATCH_ps;;;;;;;;;;;;;;;;;;;;;;;;;;;;;;BI 1291583_PED;Verducatib PED;Small Molecule;;"Respiratory; Immunology";Pre-Clinical;;2031;Non-Cystic Fibrosis Bronchiectasis Pediatric;Cathepsin C (CatC) inhibitor.;Pediatric line extension of Verducatib for Non-Cystic Fibrosis Bronchiectasis in pediatric populations.;Pediatric patients with Non-Cystic Fibrosis Bronchiectasis;Pediatric formulation;Oral;;;;;;;;;;;;;;;;;;;;
NO_MATCH_ps;;;;;;;;;;;;;;;;;;;;;;;;;;;;;;BI 1358894;;Small Molecule;NME;Mental Health;Phase II;Discontinued;;Post-Traumatic Stress Disorder (PTSD);TRPC4/5 inhibitor.;A TRPC4/5 inhibitor targeting ion channels implicated in mood and stress-related disorders like PTSD.;;Tablet;Oral;Fluid Bed;"Blister; Bottle";;;;3A;0;AD 2024;High (> 10 tn);High (> 100 million PCS);"ING (qualified); BDC @Biberach (qualified)";ING_SoL @Ingelheim (qualified);;;;;;;;
NO_MATCH_ps;;;;;;;;;;;;;;;;;;;;;;;;;;;;;;BI 1569912;;Small Molecule;NME;Mental Health;Phase II;Discontinued;;Major Depressive Disorder (MDD) - adjunctive therapy;An oral, NMDA subunit 2b-selective negative allosteric modulator (NR2B NAM).;An oral NR2B NAM designed to rapidly relieve depressive symptoms in MDD without dissociative side effects.;;Tablet;Oral;;"Blister; Bottle";;;;3B;0;AD 2024;;;;;;MED: 1;;;;;;
NO_MATCH_ps;;;;;;;;;;;;;;;;;;;;;;;;;;;;;;BI 1821736;;Gene Therapy;NBE;Oncology;Discontinued;Discontinued;;"HNSCC; Melanoma";VSV-GP-CD80-Fc OV (Oncolytic Virus). This is a second-generation oncolytic virus, likely with enhanced immune-stimulatory properties via the CD80-Fc component.;A second-gen oncolytic virus with enhanced immune-stimulation via a CD80-Fc component for HNSCC and Melanoma, administered intratumorally and intravenously.;;Injectable;Intratumoral (i.t.) und Intravenös (i.v.);Viral (VSV-GP-CD80-Fc platform);Vial;;;;NCY;0;AD 2024;High (> 30 12k runs);Very Low (< 1 million PCS);Lonza (ongoing);Lonza (ongoing);;;;;;;;
NO_MATCH_ps;;;;;;;;;;;;;;;;;;;;;;;;;;;;;;BI 1839100;;Small Molecule;NME;Respiratory;Phase II;On Track;;IPF/PPF cough;TRPA1 inhibitor.;TRPA1-Inhibitor zur Hustenreduktion bei IPF/PPF (zusätzlich krankheitsbezogene Endpunkte in Evaluierung).;;Tablet;Oral;;"Blister; Bottle";;;;3A;0;AD 2024;;Medium (10 - 100 million PCS);ING @Ingelheim (ongoing);ING_SoL @Ingelheim (ongoing);;;;;;;;
NO_MATCH_ps;;;;;;;;;;;;;;;;;;;;;;;;;;;;;;BI 3006337;"Not disclosed; Partner-Alias: YH25724";Recombinant Proteins;NBE (Biologic);Cardiovascular-Renal-Metabolic (CRM);Discontinued;Discontinued;;MASH;GLP-1/FGF21 agonist.;Langwirksames hyFc-basiertes duales GLP-1/FGF21-Fc-Fusionsprotein für MASH.;;Subkutane Injektion (wöchentlich);Subkutan;hyFc (IgD/IgG4)-Fc-Fusionsplattform;Bulk_PFS (Bulk Pre-filled Syringe);;;;2;0;AD 2024;Very Low (< 5 12k runs);Very Low (< 1 million PCS);C(D)MO (ongoing);C(D)MO (ongoing);;;;;;;;
NO_MATCH_ps;;;;;;;;;;;;;;;;;;;;;;;;;;;;;;BI 3018078 / BI 3024308;;Gene Therapy;NBE (Biologic);Oncology;Phase Ib;On Track;;Colorectal Cancer (CRC);"Heterologes Prime-Boost (ATP128 → VSV-GP128) zur Induktion tumor-spezifischer T-Zell-Immunität; in Kombination mit PD-1-Blockade (Ezabenlimab).";"Therapeutischer Protein-Impfstoff (ATP128) + VSV-GP128 als Boost; Evaluierung bei MSS Stadium IV CRC in Kombi mit Ezabenlimab.";;Injectable;Parenteral (kombinationsabhängig);KISIMA® rekombinantes Protein-Impfstoff-Platform + VSV-GP viraler Vektor;;;;;4;0;AD 2024;;;;;;;;;;;;
NO_MATCH_ps;;;;;;;;;;;;;;;;;;;;;;;;;;;;;;BI 3706674;;Small Molecule;NME;Oncology;Phase I;On Track;;"Gastric Cancer (GC); Esophageal Cancer (EC); Gastroesophageal Junction Cancer (GEJC); Pancreatic Ductal Adenocarcinoma (PDAC)";Nicht-kovalenter Multi-KRAS-Inhibitor, der GDP-gebundenes KRAS (wt-amp & mehrere Mutanten, inkl. G12V) bindet.;Monotherapie-Entwicklung bei KRAS-WT-Amplifikationen (GC/EC/GEJ) und KRAS-G12V (u.a. PDAC).;;Tablet;Oral;;"Blister; Bottle";;;;3A;0;AD 2024;;;EACD (ongoing);EACD (ongoing);;HIGH: 1;;;;;;
NO_MATCH_ps;;;;;;;;;;;;;;;;;;;;;;;;;;;;;;BI 3731579;;Small Molecule;NME;Inflammation & Respiratory / Respiratory (IPF/PPF);Pre-Clinical;Discontinued;2033;IPF/PPF prevention (IPF/PPFp);NOX4 inhibitor.;Oraler NOX4-Inhibitor zur Progressionsverlangsamung bei IPF/PPF (präklinisch).;;film-coated tablet (Tablette);oral;Spray-Dried Dispersion (HPMCAS) → Direktverpressung/Filmbeschichtung;"Blister; Bottle";;;;3A;0;AD 2024;;;;;;;;;;;;
NO_MATCH_ps;;;;;;;;;;;;;;;;;;;;;;;;;;;;;;BI 3793898;;Small Molecule;NME;Mental Health;Pre-Clinical (post-SoD);On Track;;Cognitive Impairment Associated with Schizophrenia (CIAS);mGluR3 PAM (Positive Allosteric Modulator).;An mGluR3 Positive Allosteric Modulator for Cognitive Impairment Associated with Schizophrenia (CIAS).;;;;;;;;;;0;AD 2024;;;;;;;;;;;;
NO_MATCH_ps;;;;;;;;;;;;;;;;;;;;;;;;;;;;;;BI 3797479;;Small Molecule;NME;Neuroscience (CIAS – Cognitive Impairment Associated with Schizophrenia);Preclinical / Early Development;;2032;Cognitive Impairment Associated with Schizophrenia (CIAS);Catechol-O-methyltransferase (COMT) inhibitor that modulates dopamine metabolism to improve cognitive processes.;COMT inhibitor targeting dopamine metabolism for CIAS in schizophrenia.;"Adults with schizophrenia (CIAS); Parkinson’s disease (CIPD)";Tablet;Oral;;;;;;3A;0;AD 2024;;;;;;HIGH: 1;;;;;;
NO_MATCH_ps;;;;;;;;;;;;;;;;;;;;;;;;;;;;;;BI 3810539;;Monoclonal Antibody;NBE;Oncology;Discontinued;Discontinued;;"Triple-Negative Breast Cancer (TNBC); Small Cell Lung Cancer (SCLC)";DLL3 ADC (Antibody-Drug Conjugate).;A DLL3-targeting Antibody-Drug Conjugate (ADC) for Triple-Negative Breast Cancer (TNBC) and Small Cell Lung Cancer (SCLC).;;Injectable;;;Vial;;;;;0;AD 2024;;;;;;;;;;;;
NO_MATCH_ps;;;;;;;;;;;;;;;;;;;;;;;;;;;;;;BI 3821001;DcR3-Fc;Recombinant Proteins;NBE;"Immunology; IBD";Preclinical/SoD (Ende 2024);;2035;Ulcerative Colitis;Engineered decoy receptor 3 fused to silenced IgG1 Fc to neutralize TL1A and LIGHT, reducing inflammation and tissue remodeling in IBD.;Fc‑fusion decoy receptor neutralizing TL1A and LIGHT for inflammation control in ulcerative colitis.;Moderate–severe ulcerative colitis.;Injectable (SC or IV);Injectable;"Engineered DcR3‑Fc (reduzierte FasL‑Affinität); dualer TL1A/LIGHT‑Trap";;;;;;0;AD 2024;;;;;;MED: 1;;;;;;
NO_MATCH_ps;;;;;;;;;;;;;;;;;;;;;;;;;;;;;;BI 3822971;Not disclosed;T-cell Engager;NBE (ntm);Oncology;Preclinical;;2034;NSCLC;"Bispecific antibody binding LY6K-HLA-A*02:01 on tumor cells and CD3ε on T cells to induce tumor-specific cytotoxicity; Fc engineered for half-life extension and reduced effector function.";Bispecific TcE for NSCLC inducing tumor-specific T‑cell cytotoxicity via LY6K‑HLA/CD3 engagement.;;"Injectable (IV; SC possible later)";"IV; SC (possible later)";T‑cell engager (CD3×pMHC);;;;;;0;AD 2024;;;;;;HIGH: 3;;;;;;
NO_MATCH_ps;;;;;;;;;;;;;;;;;;;;;;;;;;;;;;BI 3906517;;Peptides;NME;Cardiovascular-Renal-Metabolic (CRM);Preclinical;On Track;;Obesity;Triple-Agonist an GCGR/GIPR/GLP-1R.;Long-acting Triple-Agonist für Adipositas.;;Injectable;SC (subkutan);Long-acting Peptid mit Half-Life-Extension (HLE);;;;;;0;AD 2024;;;;;;;;;;;;
NO_MATCH_ps;;;;;;;;;;;;;;;;;;;;;;;;;;;;;;BI 3972080;CT‑155;Prescription Digital Therapeutic (SaMD/PDT);DTx;Mental Health / CNS (CREA);"Phase III – pivotal CONVOKE abgeschlossen; primärer Endpunkt erreicht";;2026;Experiential Negative Symptoms in Schizophrenia (XNS SCZ);Smartphone‑based PDT delivering evidence‑based psychosocial interventions (adaptive goal setting, cognitive restructuring, behavioral activation, social skills, positive‑affect training). Targets defeatist beliefs and promotes real‑world engagement to reduce experiential negative symptoms as an adjunct to standard‑of‑care antipsychotics.;Digital therapeutic for negative symptoms in schizophrenia;Adults with schizophrenia on stable antipsychotic therapy, experiencing moderate–severe experiential negative symptoms;Software / Mobile App (SaMD);Digital (smartphone‑delivered);SaMD (mobile smartphone application);;;;;;0;AD 2024;;;;;;HIGH: 2;MED: 1;;XNS_SCZ: 1 designation;Targeted first submission: Jan 23, 2026;US;
NO_MATCH_ps;;;;;;;;;;;;;;;;;;;;;;;;;;;;;;BI 4018711;CT‑156 (working title);Prescription Digital Therapeutic (SaMD/PDT);DTx (SaMD);Schizophrenia / Neuroscience (TA CREA);Phase II;;2028;Functional Impairment in Schizophrenia (FI SCZ);Software‑based prescription digital therapeutic designed to improve functional outcomes in schizophrenia through structured behavioral interventions delivered via a mobile platform.;Digital therapeutic to improve functional outcomes in schizophrenia via mobile behavioral interventions;Patients with schizophrenia experiencing functional impairment;Software application (mobile/connected);Digital (software‑delivered intervention);SaMD (mobile smartphone application);Not applicable (digital product);;;;;0;AD 2024;;;;;;HIGH: 3;;;;No active submission;US;
NO_MATCH_ps;;;;;;;;;;;;;;;;;;;;;;;;;;;;;;BI 4041979;T3P-Y058-739 (Not disclosed);Gene Therapy;NME;Oncology / Immuno-Oncology;Phase I;On Track;2032;Head and Neck Squamous Cell Carcinoma (HNSCC), Melanoma;Dual innate immunity activator (cGAS/RIG-I) via genetically modified Yersinia enterocolitica - bacterial vector immunotherapy that selectively colonizes tumors and delivers immune modulators via Type III secretion system. Activates both cGAS → cGAMP → STING pathway and RIG-I → MAVS/IRF3 signaling, inducing strong Type I Interferon signature to 'heat up' tumor microenvironment.;Bacterial vector immunotherapy (attenuated Y. enterocolitica) activating innate immunity via dual cGAS/RIG-I pathways. Phase I evaluating intratumoral and intravenous routes as monotherapy and in combination with PD-1 inhibitors in HNSCC and melanoma.;Patients with advanced solid tumors (HNSCC, melanoma) in monotherapy or combination with PD-1 inhibitors;Live bacterial suspension (attenuated Yersinia enterocolitica);Intratumoral (IT) and Intravenous (IV);Bacterial vector immunotherapy using Type III secretion system for tumor-selective delivery;;;;;;;;;;;;;HIGH: 4 | MED: 2;;;Development: 2 designations;;;
NO_MATCH_ps;;;;;;;;;;;;;;;;;;;;;;;;;;;;;;BI 456906_GEN2;Survodutide 2nd Gen;Peptides;;Cardiovascular-Renal-Metabolic (CRM);;;2029;Obesity;A novel glucagon receptor (GCGR) and GLP-1 receptor dual agonist.;Second generation drug substance formulation of Survodutide. New 'formulation 2.0' development.;People living with overweight or obesity (BMI ≥ 27 kg/m²);Fertigspritze/Autoinjektor;Subkutan;;;;;;;;;;;;;;;;;;;;
NO_MATCH_ps;;;;;;;;;;;;;;;;;;;;;;;;;;;;;;BI 456906_PED;Survodutide PED;Peptides;;Cardiovascular-Renal-Metabolic (CRM);Pre-Clinical;;2031;"Pediatric Obesity; MASH";A novel glucagon receptor (GCGR) and GLP-1 receptor dual agonist.;Pediatric line extension of Survodutide for obesity and MASH in pediatric populations.;Pediatric patients with overweight/obesity or MASH;Pediatric formulation;Subkutan;;;;;;;;;;;;;;;;;;;;
NO_MATCH_ps;;;;;;;;;;;;;;;;;;;;;;;;;;;;;;BI 456906_PEN;Survodutide PEN;Peptides;;Cardiovascular-Renal-Metabolic (CRM);Development;On Track;2028;Obesity;A novel glucagon receptor (GCGR) and GLP-1 receptor dual agonist.;PEN device line extension of Survodutide for obesity. Nemera volume ramp-up scenario is key focus.;People living with overweight or obesity (BMI ≥ 27 kg/m²);PEN device;Subkutan;;PEN device;;;;;;;;;;;;;;;;;;
NO_MATCH_ps;;;;;;;;;;;;;;;;;;;;;;;;;;;;;;BI 685509;Avenciguat;Small Molecule;NME;Immunology (Systemische Sklerose) und CRM/Nephrologie (Glomerulonephritiden);Phase II (SSc) and Phase III (GN);On Track;2028;Glomerulonephritis (GN);A soluble guanylate cyclase (sGC) activator.;An sGC activator for fibrotic and vascular diseases, with active development in Systemic Sclerosis (Phase II) and Glomerulonephritis (Phase III).;;Tablet;Oral;Direct Compression;"Blister; Bottle";Ongoing;;DS: ING=transfer_ongoing | DP: ING_SoL=transfer_ongoing;3B;0;AD 2024;Medium (1 - 10 tn);High (> 100 mio PCS);ING @Ingelheim (ongoing);ING_SoL @Ingelheim (ongoing);;;;;SSc: 1 designation;;;
NO_MATCH_ps;;;;;;;;;;;;;;;;;;;;;;;;;;;;;;BI 685509_PED;Avenciguat PED;Small Molecule;;Immunology;Pre-Clinical;;2034;Systemic Sclerosis Pediatric;A soluble guanylate cyclase (sGC) activator.;Pediatric line extension of Avenciguat for Systemic Sclerosis in pediatric populations.;Pediatric patients with Systemic Sclerosis;Pediatric formulation;Oral;;;;;;;;;;;;;;;;;;;;
NO_MATCH_ps;;;;;;;;;;;;;;;;;;;;;;;;;;;;;;BI 685509_SSC;Avenciguat;Small Molecule;;Immunology;Phase II;On Track;2030;Systemic Sclerosis;A soluble guanylate cyclase (sGC) activator.;Line extension of Avenciguat for Systemic Sclerosis. sGC activator for fibrotic and vascular disease. Fast Track Designation granted.;Patients with Systemic Sclerosis;Tablet;Oral;;;;;;;;;;;;;;;;;SSc: 1 designation;;;
NO_MATCH_ps;;;;;;;;;;;;;;;;;;;;;;;;;;;;;;BI 690517_CVRR;Vicadrostat + empagliflozin;Small Molecule;;Cardiovascular-Renal-Metabolic (CRM);;;2031;CVRR;A novel, selective, and potent aldosterone synthase inhibitor (ASi) in combination with SGLT2 inhibitor.;Line extension of Vicadrostat in combination with empagliflozin for cardiovascular-renal risk reduction.;Patients at high cardiovascular-renal risk;Tablet;Oral;;;;;;;;;;;;;;;;;;;;
NO_MATCH_ps;;;;;;;;;;;;;;;;;;;;;;;;;;;;;;BI 690517_HFPEF;Vicadrostat + empagliflozin;Small Molecule;;Cardiovascular-Renal-Metabolic (CRM);Phase III;On Track;2029;HFpEF;A novel, selective, and potent aldosterone synthase inhibitor (ASi) in combination with SGLT2 inhibitor.;Line extension of Vicadrostat in combination with empagliflozin for heart failure with preserved ejection fraction. Developed in parallel with CKD indication.;Patients with HFpEF on top of standard of care;Tablet;Oral;;;;;;;;;;;;;;;;;;;;
NO_MATCH_ps;;;;;;;;;;;;;;;;;;;;;;;;;;;;;;BI 690517_HFREF;Vicadrostat + empagliflozin;Small Molecule;;Cardiovascular-Renal-Metabolic (CRM);;;2030;HFrEF;A novel, selective, and potent aldosterone synthase inhibitor (ASi) in combination with SGLT2 inhibitor.;Line extension of Vicadrostat in combination with empagliflozin for heart failure with reduced ejection fraction.;Patients with HFrEF on top of standard of care;Tablet;Oral;;;;;;;;;;;;;;;;;;;;
NO_MATCH_ps;;;;;;;;;;;;;;;;;;;;;;;;;;;;;;BI 690517_PED;Vicadrostat + empagliflozin PED;Small Molecule;;Cardiovascular-Renal-Metabolic (CRM);Pre-Clinical;;2035;CKD Pediatric;A novel, selective, and potent aldosterone synthase inhibitor (ASi) in combination with SGLT2 inhibitor.;Pediatric line extension of Vicadrostat in combination with empagliflozin for chronic kidney disease in pediatric populations.;Pediatric patients with CKD;Pediatric formulation;Oral;;;;;;;;;;;;;;;;;;;;
NO_MATCH_ps;;;;;;;;;;;;;;;;;;;;;;;;;;;;;;BI 706321;;Small Molecule;NME;Immunology;Discontinued;Discontinued;;Crohn's Disease (CD);RIPK2 inhibitor.;A RIPK2 inhibitor targeting the NOD signaling pathway involved in innate immunity and inflammation in IBD.;;Tablet;Oral;;"Blister; Bottle";;;;3B;0;AD 2024;;;;;;;;;;;;
NO_MATCH_ps;;;;;;;;;;;;;;;;;;;;;;;;;;;;;;BI 754132;Not disclosed;Small Molecule;NME;Eye Health;Discontinued;Discontinued;;Geographic Atrophy (GA);TrkB activator.;A TrkB activator designed to have neuroprotective effects in the retina for conditions like Geographic Atrophy (GA), administered via intravitreal injection.;;Lösung zur intravitrealen Injektion;Intravitreal;;;;;;;0;AD 2024;;;;;;;;;;;;
NO_MATCH_ps;;;;;;;;;;;;;;;;;;;;;;;;;;;;;;BI 765128;;Monoclonal Antibody;NBE;Eye Health;Phase I/II (PARTRIDGE 1451-0001);Discontinued;2030;Diabetic Retinopathy (DR);Anti-NRP1 antibody.;Anti-NRP1 mAb for diabetic macular ischemia (DMI).;Patients with diabetic retinopathy;Injectable;Intravitreal;Mammalian;IVT_PFS (Intravitreal Pre-filled Syringe);;;;2;0;AD 2024;Very Low (<5 12k runs);Very Low (<1 million PCS);Rentschler @N/A (qualified);Vetter @N/A (qualified);;;;;;;;
NO_MATCH_ps;;;;;;;;;;;;;;;;;;;;;;;;;;;;;;BI 765243;;Recombinant Proteins;NBE;Eye Health;Pre-Clinical;Discontinued;;Wet AMD (nAMD);TrkB/anti-VEGF (bispecific).;Bispecific protein targeting TrkB and VEGF for wet AMD;;;;;;;;;;0;AD 2024;;;;;;;;;;;;
NO_MATCH_ps;;;;;;;;;;;;;;;;;;;;;;;;;;;;;;BI 765250;;Monoclonal Antibody;NBE;Immunology;"Phase I (SRD abgeschlossen; MRD laufend/PoCP-Vorbereitung)";On Track;;Systemic Sclerosis (SSc);PD-1 agonist.;A PD-1 agonist antibody for immunological conditions like Systemic Sclerosis (SSc).;;IV und SC;"Intravenös; Subkutan";Mammalian;Bulk_PFS (Bulk Pre-filled Syringe);;;;3A;0;AD 2024;;;;;;;;;;;;
NO_MATCH_ps;;;;;;;;;;;;;;;;;;;;;;;;;;;;;;BI 765845;Not disclosed (internal: G5 MYDGF);Recombinant Proteins;NME;Cardiovascular-Renal-Metabolic (CRM);Phase II;On Track;2031;ST-Elevation Myocardial Infarction (STEMI);Myeloid-Derived Growth Factor (MYDGF) - recombinant protein designed for tissue protection and cardiac repair post-STEMI. Reduces cardiomyocyte apoptosis from reperfusion injury and promotes angiogenesis for improved cardiac regeneration.;Recombinant MYDGF protein for acute STEMI treatment. Single IV bolus in catheterization lab during primary PCI to reduce reperfusion injury.;STEMI patients with complete or near-complete coronary occlusion undergoing primary PCI;Solution for infusion (acute bolus);Intravenous (Single-Dose in catheterization lab);;;;;;;;;;;;;;HIGH: 1;;;;;;